LBS,OZ,CA,AD,AE,AF,AG,AI,AL,AM,AN,AO,AR,AT,AU,AW,AZ,BA,BB,BD,BE,BF,BG,BH,BI,BJ,BL,BM,BN,BO,BR,BS,BT,BW,BY,BZ,CC,CD,CF,CG,CH,CI,CK,CL,CM,CN,CO,CR,CV,CX,CY,CZ,DE,DJ,DK,DM,DO,DZ,EC,EE,EG,EH,ER,ES,ET,FI,FJ,FK,FM,FO,FR,GA,GB,GD,GE,GF,GH,GI,GL,GM,GN,GP,GQ,GR,GS,GT,GW,GY,HK,HN,HR,HT,HU,ID,IE,IL,IM,IN,IO,IQ,IS,IT,JM,JO,JP,KE,KG,KH,KI,KM,KN,KR,KW,KY,KZ,LA,LB,LC,LI,LK,LR,LS,LT,LU,LV,LY,MA,MC,MD,ME,MF,MG,MH,MK,ML,MN,MO,MQ,MR,MS,MT,MU,MV,MW,MX,MY,MZ,NA,NC,NE,NF,NG,NI,NL,NO,NP,NR,NU,NZ,OM,PA,PE,PF,PG,PH,PK,PL,PM,PN,PS,PT,PW,PY,QA,RE,RO,RS,RU,RW,SA,SB,SC,SE,SG,SH,SI,SJ,SK,SL,SM,SN,SO,SR,ST,SV,SZ,TC,TD,TF,TG,TH,TJ,TL,TM,TN,TO,TR,TT,TV,TW,TZ,UA,UG,UY,UZ,VA,VC,VE,VG,VN,VU,WF,WS,YE,YT,YU,ZA,ZM,ZW
0.06,1,1.40,0.90,0.94,1.02,0.95,0.96,1.00,1.01,1.20,1.04,0.96,1.42,1.43,1.20,1.02,0.98,0.94,1.01,1.42,1.02,0.94,0.95,1.04,1.01,1.55,0.98,0.95,1.09,0.99,0.98,0.99,0.98,1.21,1.04,1.48,1.05,1.03,1.03,1.52,0.99,1.03,0.93,1.02,0.95,1.04,1.20,1.02,1.62,0.95,0.93,1.49,1.01,1.42,0.98,1.20,0.98,1.04,0.95,0.96,0.98,1.09,1.22,1.02,1.42,1.04,0.87,0.98,0.96,1.49,0.99,1.46,0.96,1.00,1.20,0.98,1.11,0.96,1.06,1.02,0.97,1.02,1.46,0.97,1.20,1.01,1.20,1.03,1.20,0.96,1.20,0.96,1.14,1.47,1.48,1.46,0.96,0.99,0.98,1.46,2.03,1.20,0.95,1.52,1.01,1.04,1.01,1.08,1.05,0.97,0.86,0.94,0.97,1.02,1.16,0.95,0.97,0.91,0.95,1.01,1.02,0.98,1.52,0.97,0.99,0.98,0.91,1.03,0.98,1.57,1.05,0.93,0.95,1.05,1.06,0.93,0.97,1.07,0.95,0.99,0.98,0.99,1.05,0.90,0.93,1.01,1.02,1.03,1.02,0.91,1.00,1.20,1.50,1.42,0.99,0.93,2.97,2.97,0.96,1.20,1.01,1.03,1.17,0.96,0.97,0.94,0.91,0.91,1.48,1.46,0.93,1.08,0.95,0.97,0.97,0.96,1.03,1.04,0.97,1.03,1.11,1.50,1.25,0.94,1.23,1.50,1.50,1.01,0.93,1.05,0.96,1.04,1.01,1.20,0.98,0.98,1.02,1.49,1.01,1.15,1.09,1.05,1.09,0.97,1.05,0.96,1.20,1.08,1.01,1.01,0.98,1.01,1.02,1.06,0.95,0.99,1.04,0.99,0.99,1.13,0.91,1.08,1.02,0.91,0.93,0.98,1.04,1.01
0.13,2,1.81,1.36,1.43,1.59,1.46,1.47,1.57,1.58,1.75,1.63,1.48,1.94,1.98,1.75,1.60,1.51,1.43,1.58,1.94,1.59,1.44,1.45,1.63,1.58,1.96,1.52,1.46,1.73,1.54,1.52,1.53,1.53,1.76,1.63,1.88,1.65,1.62,1.61,1.88,1.53,1.63,1.18,1.59,1.46,1.64,1.75,1.60,2.16,1.46,1.42,1.84,1.58,1.94,1.52,1.75,1.52,1.64,1.46,1.48,1.52,1.73,1.55,1.59,1.94,1.63,1.29,1.52,1.47,1.85,1.53,1.79,1.47,1.56,1.75,1.52,1.77,1.47,1.67,1.59,1.50,1.59,1.97,1.50,1.75,1.58,1.75,1.62,1.75,1.47,1.75,1.48,1.79,1.67,1.82,1.79,1.48,1.54,1.51,1.97,3.27,1.75,1.46,2.08,1.58,1.64,1.58,1.72,1.65,1.49,1.27,1.44,1.50,1.59,1.87,1.46,1.49,1.37,1.46,1.58,1.59,1.51,1.88,1.49,1.53,1.52,1.37,1.62,1.51,2.00,1.66,1.42,1.47,1.66,1.68,1.42,1.50,1.69,1.46,1.54,1.51,1.54,1.65,1.35,1.14,1.58,1.61,1.62,1.59,1.38,1.56,1.75,1.86,1.94,1.54,1.42,3.31,3.31,1.47,1.75,1.58,1.62,1.90,1.47,1.50,1.44,1.38,1.38,1.82,1.97,1.42,1.71,1.45,1.51,1.49,1.48,1.61,1.63,1.49,1.61,1.77,1.86,1.57,1.44,1.55,1.86,1.76,1.58,1.42,1.65,1.48,1.63,1.58,1.75,1.52,1.51,1.61,1.85,1.58,1.77,1.73,1.66,1.73,1.50,1.66,1.47,1.75,1.72,1.50,1.58,1.51,1.57,1.59,1.68,1.45,1.54,1.63,1.54,1.53,1.82,1.38,1.72,1.60,1.37,1.42,1.51,1.63,1.58
0.19,3,2.07,1.81,1.91,2.16,1.96,1.97,2.12,2.14,2.29,2.21,1.99,2.27,2.32,2.29,2.17,2.03,1.91,2.14,2.27,2.16,1.93,1.94,2.22,2.14,2.36,2.04,1.96,2.36,2.08,2.04,2.06,2.06,2.30,2.22,2.27,2.24,2.19,2.18,2.23,2.06,2.21,1.41,2.16,1.95,2.22,2.29,2.18,2.69,1.95,1.90,2.17,2.14,2.27,2.05,2.29,2.06,2.24,1.97,1.99,2.05,2.36,1.87,2.15,2.27,2.21,1.71,2.06,1.98,2.19,2.06,2.11,1.97,2.11,2.29,2.05,2.43,1.98,2.28,2.16,2.02,2.16,2.29,2.01,2.29,2.14,2.29,1.92,2.29,1.97,2.29,1.99,2.43,2.70,2.15,2.11,1.99,2.08,2.03,2.47,3.19,2.29,1.96,2.42,2.14,2.22,2.14,2.35,2.24,2.01,1.67,1.93,2.02,2.16,2.58,1.96,2.01,1.83,1.96,2.14,2.15,2.03,2.23,2.00,2.07,2.05,1.83,2.19,2.04,2.43,2.27,1.90,1.97,2.26,2.30,1.90,2.02,2.30,1.96,2.08,2.04,2.07,2.24,1.35,1.34,2.14,2.18,2.19,2.16,1.83,2.10,2.29,2.21,2.27,2.08,1.90,3.63,3.63,1.98,2.29,2.14,2.19,2.61,1.97,2.01,1.92,1.83,1.83,2.15,2.29,1.90,2.33,1.94,2.03,2.00,1.99,2.19,2.22,2.01,2.19,2.42,2.21,1.88,1.93,1.87,2.21,2.09,2.14,1.89,2.24,1.99,2.21,2.14,2.29,2.05,2.04,2.18,2.19,2.14,2.12,2.37,2.27,2.36,2.02,2.26,1.98,2.29,2.35,1.85,2.13,2.04,2.12,2.16,2.28,1.94,2.08,2.21,2.08,2.06,2.50,1.83,2.35,2.16,1.83,1.90,2.04,2.22,2.14
0.25,4,2.44,2.29,2.41,2.73,2.47,2.48,2.68,2.71,2.84,2.80,2.50,2.98,2.81,2.84,2.74,2.57,2.40,2.71,2.57,2.73,2.43,2.44,2.81,2.71,2.77,2.58,2.47,3.00,2.58,2.58,2.60,2.60,2.86,2.81,2.66,2.84,2.78,2.76,2.58,2.61,2.80,1.65,2.73,2.46,2.82,2.84,2.76,3.23,2.46,2.39,2.52,2.71,3.92,2.59,2.84,2.60,2.84,2.48,2.51,2.58,3.01,2.19,2.72,2.87,2.80,2.13,2.60,2.49,2.54,2.61,2.45,2.48,2.67,2.84,2.58,3.09,2.49,2.89,2.73,2.55,2.73,2.74,2.54,2.84,2.71,2.84,2.35,2.84,2.49,2.84,2.51,3.08,3.01,2.49,2.45,2.51,2.63,2.57,2.98,3.60,2.84,2.47,2.91,2.71,2.82,2.71,2.99,2.85,2.53,2.09,2.43,2.55,2.73,3.29,2.47,2.53,2.29,2.47,2.71,2.72,2.57,2.59,2.52,2.62,2.58,2.29,2.78,2.58,2.86,2.88,2.40,2.48,2.87,2.92,2.39,2.55,2.92,2.47,2.64,2.58,2.62,2.84,1.52,1.59,2.71,2.76,2.78,2.73,2.30,2.66,2.84,2.57,3.62,2.63,2.39,3.97,3.97,2.49,2.84,2.71,2.78,3.34,2.49,2.54,2.17,2.30,2.30,2.49,2.59,2.39,2.97,2.44,2.56,2.52,2.51,2.78,2.81,2.53,2.77,3.08,2.54,2.20,2.43,2.19,2.56,2.35,2.71,2.38,2.84,2.51,2.80,2.71,2.84,2.59,2.57,2.76,2.54,2.71,2.74,3.01,2.88,3.00,2.55,2.86,2.49,2.84,2.99,2.35,2.70,2.57,2.69,2.73,2.90,2.45,2.63,2.81,2.63,2.60,3.18,2.30,2.99,2.74,2.29,2.39,2.57,2.81,2.71
0.31,5,2.79,2.74,2.89,3.29,2.96,2.99,3.23,3.26,3.38,3.38,3.01,3.18,3.28,3.38,3.31,3.09,2.89,3.27,2.91,3.30,2.92,2.94,3.40,3.27,3.17,3.11,2.97,3.64,3.05,3.11,3.13,3.13,3.40,3.39,3.05,3.43,3.36,3.33,2.93,3.14,3.38,1.88,3.30,2.95,3.41,3.38,3.33,3.75,2.95,2.87,2.85,3.27,4.49,3.12,3.38,3.13,3.43,2.98,3.02,3.11,3.64,2.51,3.29,3.27,3.38,2.55,3.13,2.99,2.88,3.14,2.77,2.99,3.21,3.38,3.11,3.74,2.99,3.49,3.30,3.06,3.30,3.18,3.06,3.38,3.27,3.38,2.66,3.38,2.99,3.38,3.02,3.72,3.31,2.81,2.77,3.02,3.17,3.09,3.48,4.01,3.38,2.97,3.39,3.26,3.41,3.27,3.62,3.44,3.05,2.49,2.92,3.06,3.30,4.00,2.96,3.05,2.74,2.97,3.27,3.28,3.09,2.94,3.04,3.15,3.11,2.74,3.35,3.10,3.28,3.48,2.88,2.98,3.47,3.53,2.87,3.07,3.53,2.97,3.18,3.10,3.16,3.43,1.67,1.79,3.27,3.33,3.36,3.30,2.76,3.21,3.38,2.92,4.21,3.17,2.86,4.30,4.30,3.00,3.38,3.27,3.36,4.06,2.99,3.06,2.47,2.76,2.76,2.81,2.94,2.87,3.59,2.94,3.08,3.04,3.01,3.35,3.40,3.05,3.35,3.74,2.89,2.51,2.91,2.51,2.91,2.59,3.26,2.86,3.43,3.02,3.38,3.27,3.38,3.12,3.10,3.33,2.88,3.27,3.09,3.64,3.48,3.64,3.07,3.46,3.00,3.38,3.62,2.69,3.25,3.10,3.24,3.30,3.51,2.94,3.17,3.39,3.17,3.14,3.86,2.76,3.62,3.30,2.74,2.86,3.09,3.40,3.26
0.38,6,3.15,3.21,3.38,3.87,3.47,3.50,3.79,3.83,3.93,3.98,3.53,3.40,3.76,3.93,3.89,3.63,3.38,3.84,3.27,3.88,3.42,3.44,3.99,3.84,3.58,3.64,3.48,4.28,3.54,3.64,3.67,3.67,3.96,3.99,3.45,4.03,3.94,3.92,3.29,3.68,3.97,2.13,3.87,3.46,4.00,3.93,3.91,4.29,3.46,3.36,3.20,3.84,5.07,3.66,3.93,3.67,4.03,3.49,3.54,3.65,4.28,2.84,3.86,3.68,3.97,2.97,3.67,3.51,3.24,3.68,3.10,3.50,3.77,3.93,3.65,4.41,3.51,4.11,3.88,3.59,3.88,3.64,3.58,3.93,3.84,3.93,3.03,3.93,3.51,3.93,3.53,4.37,3.62,3.15,3.10,3.54,3.72,3.63,3.99,4.42,3.93,3.48,3.88,3.83,4.01,3.84,4.26,4.05,3.57,2.90,3.42,3.59,3.87,4.72,3.47,3.57,3.21,3.48,3.84,3.86,3.63,3.30,3.56,3.70,3.65,3.21,3.94,3.64,3.71,4.09,3.37,3.49,4.08,4.15,3.36,3.60,4.15,3.48,3.73,3.64,3.70,4.03,1.98,2.00,3.84,3.91,3.94,3.88,3.22,3.77,3.93,3.28,4.80,3.72,3.35,4.64,4.64,3.51,3.93,3.84,3.94,4.78,3.50,3.59,2.78,3.22,3.22,3.15,3.31,3.36,4.22,3.44,3.61,3.56,3.53,3.94,3.99,3.57,3.93,4.40,3.24,2.84,3.41,2.84,3.27,2.84,3.83,3.35,4.03,3.54,3.97,3.84,3.93,3.67,3.63,3.91,3.24,3.84,4.07,4.29,4.09,4.28,3.60,4.07,3.51,3.93,4.26,3.04,3.82,3.63,3.80,3.87,4.12,3.44,3.72,3.99,3.72,3.68,4.55,3.22,4.26,3.88,3.21,3.35,3.63,3.99,3.83
0.44,7,3.51,3.66,3.87,4.43,3.97,4.00,4.34,4.39,4.46,4.56,4.04,3.60,4.23,4.46,4.45,4.15,3.86,4.40,3.61,4.44,3.91,3.93,4.58,4.39,3.98,4.17,3.98,4.91,4.01,4.17,4.21,4.20,4.50,4.57,3.83,4.63,4.52,4.49,3.64,4.21,4.55,2.36,4.44,3.95,4.59,4.46,4.48,4.82,3.95,3.83,3.53,4.39,5.63,4.19,4.46,4.20,4.62,3.99,4.05,4.17,4.91,3.16,4.42,4.08,4.56,3.38,4.20,4.01,3.58,4.22,3.42,4.00,4.32,4.46,4.17,5.06,4.01,4.71,4.44,4.11,4.44,4.08,4.10,4.46,4.39,4.46,3.33,4.46,4.01,4.46,4.04,5.65,3.92,3.48,3.42,4.05,4.25,4.15,4.49,4.82,4.46,3.98,4.36,4.39,4.59,4.40,4.89,4.64,4.09,3.31,3.91,4.11,4.44,5.42,3.97,4.09,3.66,3.98,4.39,4.42,4.15,3.65,4.07,4.23,4.17,3.66,4.52,4.16,4.13,4.69,3.85,3.99,4.67,4.76,3.84,4.11,4.76,3.98,4.27,4.16,4.24,4.63,2.13,2.20,4.39,4.48,4.52,4.44,3.68,4.31,4.46,3.63,5.38,4.26,3.83,4.96,4.96,4.02,4.46,4.40,4.52,5.50,4.01,4.10,3.09,3.68,3.68,3.48,3.66,3.84,4.85,3.93,4.13,4.07,4.04,4.51,4.58,4.09,4.51,5.05,3.59,3.15,3.90,3.15,3.62,3.08,4.39,3.82,4.63,4.05,4.56,4.39,4.46,4.20,4.16,4.48,3.58,4.40,4.42,4.92,4.69,4.91,4.12,4.67,4.02,4.46,4.89,3.39,4.38,4.16,4.36,4.43,4.73,3.94,4.26,4.57,4.25,4.21,5.23,3.68,4.89,4.45,3.66,3.83,4.15,4.58,4.39
0.50,8,3.77,4.12,4.36,5.01,4.48,4.52,4.90,4.96,5.01,5.15,4.55,5.61,4.57,5.01,5.03,4.68,4.36,4.97,3.97,5.02,4.41,4.43,5.17,4.96,4.39,4.71,4.49,5.55,4.34,4.71,4.75,4.74,5.05,5.17,4.23,5.23,5.11,5.07,4.00,4.76,5.14,2.60,5.01,4.46,5.19,5.01,5.06,5.36,4.46,4.32,3.88,4.96,6.21,4.72,5.01,4.74,5.22,4.50,4.57,4.71,5.56,3.49,5.00,4.49,5.15,3.81,4.74,4.53,3.93,4.76,3.76,4.52,4.88,5.01,4.71,5.72,4.53,5.33,5.02,4.64,5.02,4.39,4.63,5.01,4.96,5.01,3.70,5.01,4.52,5.01,4.56,6.00,4.24,3.82,3.76,4.57,4.80,4.68,5.00,6.90,5.01,4.49,4.69,4.96,5.19,4.97,5.52,5.24,4.61,3.72,4.41,4.64,5.01,6.14,4.48,4.61,4.12,4.49,4.96,4.99,4.68,4.01,4.60,4.78,4.71,4.12,5.10,4.70,4.56,5.30,4.34,4.50,5.28,5.38,4.33,4.64,5.39,4.49,4.82,4.70,4.79,5.23,2.35,2.40,4.96,5.06,5.11,5.02,4.15,4.87,5.01,3.99,5.97,4.81,4.32,5.30,5.30,4.53,5.01,4.97,5.11,6.23,4.52,4.63,3.40,4.15,4.15,3.82,4.03,4.32,5.48,4.43,4.66,4.60,4.56,5.10,5.17,4.61,5.09,5.72,3.94,3.47,4.40,3.48,3.98,3.33,4.96,4.31,5.23,4.57,5.15,4.96,5.01,4.74,4.69,5.06,3.93,4.97,4.77,5.57,5.30,5.55,4.65,5.28,4.53,5.01,5.53,3.74,4.94,4.69,4.92,5.01,5.35,4.44,4.81,5.16,4.80,4.76,5.92,4.15,5.53,5.02,4.12,4.32,4.69,5.17,4.96
0.56,9,4.11,4.58,4.85,5.57,4.98,5.02,5.46,5.52,5.55,5.73,5.06,5.84,5.02,5.55,5.60,5.21,4.84,5.53,4.31,5.58,4.89,4.93,5.76,5.52,4.79,5.23,4.99,6.19,4.80,5.23,5.28,5.27,5.60,5.75,4.62,5.82,5.68,5.64,4.35,5.29,5.72,2.83,5.58,4.96,5.77,5.55,5.63,5.89,4.96,4.80,4.21,5.52,6.78,5.25,5.55,5.27,5.81,5.00,5.08,5.24,6.19,3.81,5.56,4.89,5.73,4.22,5.27,5.03,4.27,5.29,4.08,5.02,5.42,5.55,5.24,6.38,5.03,5.93,5.58,5.15,5.58,4.81,5.14,5.55,5.52,5.55,4.30,5.55,5.03,5.55,5.07,7.16,4.54,4.15,4.08,5.08,5.34,5.21,5.50,7.26,5.55,4.99,5.15,5.52,5.78,5.53,6.15,5.84,5.13,4.12,4.89,5.15,5.58,6.84,4.97,5.13,4.58,4.99,5.52,5.55,5.21,4.36,5.11,5.32,5.24,4.58,5.68,5.22,4.98,5.90,4.82,5.01,5.88,5.99,4.81,5.16,6.00,4.99,5.36,5.22,5.32,5.82,2.53,2.60,5.52,5.64,5.68,5.58,4.60,5.42,5.55,4.34,6.56,5.35,4.79,5.63,5.63,5.04,5.55,5.52,5.68,6.94,5.02,5.15,3.71,4.60,4.60,4.15,4.38,4.80,6.11,4.93,5.18,5.11,5.07,5.67,5.76,5.13,5.66,6.37,4.29,3.78,4.89,3.79,4.33,3.57,5.52,4.79,5.82,5.08,5.73,5.52,5.55,5.27,5.22,5.63,4.27,5.53,5.66,6.20,5.90,6.19,5.16,5.87,5.04,5.55,6.16,4.59,5.50,5.22,5.47,5.57,5.95,4.93,5.35,5.75,5.34,5.29,6.59,4.60,6.16,5.59,4.58,4.79,5.21,5.76,5.52
0.63,10,4.45,5.03,5.33,6.14,5.48,5.52,6.01,6.08,6.09,6.31,5.57,6.07,5.47,6.09,6.17,5.73,5.32,6.09,4.66,6.15,5.38,5.42,6.34,6.08,5.19,5.76,5.49,6.82,5.25,5.76,5.81,5.80,6.14,6.33,5.00,6.41,6.26,6.21,4.70,5.82,6.30,3.07,6.14,5.45,6.36,6.09,6.20,6.42,5.45,5.28,4.54,6.08,7.34,5.78,6.09,5.80,6.40,5.50,5.59,5.77,6.82,4.13,6.12,5.29,6.31,4.64,5.80,5.54,4.61,5.83,4.40,5.52,5.97,6.09,5.77,7.03,5.54,6.53,6.15,5.67,6.15,5.24,5.66,6.09,6.08,6.09,4.60,6.09,5.53,6.09,5.58,7.49,4.84,4.48,4.40,5.59,5.88,5.73,6.00,7.62,6.09,5.49,5.61,6.08,6.37,6.09,6.78,6.43,5.64,4.53,5.38,5.67,6.14,7.55,5.47,5.64,5.03,5.49,6.08,6.11,5.73,4.71,5.62,5.85,5.77,5.03,6.26,5.75,5.41,6.50,5.30,5.51,6.48,6.60,5.29,5.68,6.61,5.48,5.90,5.75,5.86,6.41,2.68,2.80,6.08,6.21,6.26,6.15,5.06,5.96,6.09,4.69,7.14,5.89,5.27,5.96,5.96,5.54,6.09,6.08,6.26,7.66,5.53,5.66,4.01,5.06,5.06,4.48,4.74,5.28,6.73,5.42,5.70,5.62,5.58,6.25,6.34,5.64,6.24,7.02,4.63,4.09,5.37,4.11,4.68,3.81,6.07,5.27,6.41,5.59,6.31,6.08,6.09,5.80,5.74,6.20,4.61,6.09,6.01,6.83,6.50,6.82,5.68,6.47,5.54,6.09,6.79,4.93,6.05,5.74,6.03,6.14,6.56,5.42,5.89,6.33,5.88,5.82,7.27,5.06,6.79,6.16,5.03,5.27,5.73,6.34,6.08
0.69,11,4.80,5.50,5.82,6.71,5.98,6.03,6.57,6.64,6.64,6.91,6.09,6.31,5.94,6.64,6.74,6.27,5.81,6.66,5.01,6.72,5.88,5.92,6.94,6.65,5.59,6.30,6.00,7.46,5.72,6.30,6.35,6.34,6.70,6.93,5.40,7.01,6.85,6.80,5.06,6.37,6.89,3.31,6.72,5.96,6.96,6.64,6.78,6.95,5.96,5.77,4.89,6.65,7.92,6.32,6.64,6.34,7.00,6.01,6.11,6.30,7.47,4.45,6.69,5.70,6.90,5.06,6.34,6.05,4.97,6.37,4.73,6.03,6.53,6.64,6.30,7.70,6.05,7.15,6.72,6.20,6.72,5.67,6.19,6.64,6.65,6.64,5.33,6.64,6.04,6.64,6.10,7.84,5.15,4.82,4.73,6.11,6.43,6.27,6.51,7.99,6.64,6.00,6.08,6.64,6.96,6.66,7.42,7.04,6.17,4.94,5.88,6.20,6.72,8.26,5.98,6.17,5.50,6.00,6.65,6.69,6.27,5.07,6.14,6.40,6.30,5.50,6.84,6.28,5.84,7.11,5.79,6.02,7.09,7.22,5.78,6.21,7.23,5.99,6.45,6.28,6.41,7.01,2.88,3.01,6.65,6.79,6.84,6.72,5.53,6.52,6.64,5.05,7.73,6.44,5.76,6.30,6.30,6.06,6.64,6.65,6.84,8.39,6.04,6.19,4.33,5.53,5.53,4.82,5.10,5.77,7.36,5.92,6.23,6.14,6.09,6.84,6.94,6.17,6.82,7.68,4.99,4.42,5.87,4.43,5.03,4.06,6.64,5.75,7.01,6.11,6.90,6.65,6.64,6.34,6.28,6.79,4.97,6.66,6.37,7.48,7.11,7.46,6.21,7.08,6.06,6.64,7.43,5.28,6.62,6.28,6.59,6.71,7.17,5.93,6.44,6.92,6.43,6.36,7.96,5.53,7.43,6.73,5.50,5.76,6.27,6.94,6.64
0.75,12,5.14,5.95,6.31,7.27,6.48,6.54,7.12,7.20,7.18,7.49,6.59,6.54,6.39,7.18,7.31,6.79,6.30,7.22,5.36,7.29,6.37,6.41,7.52,7.21,5.99,6.83,6.49,8.09,6.17,6.83,6.89,6.87,7.24,7.51,5.79,7.60,7.42,7.37,5.41,6.90,7.48,3.54,7.29,6.45,7.55,7.18,7.35,7.48,6.45,6.25,5.22,7.21,8.49,6.85,7.18,6.87,7.59,6.51,6.62,6.83,8.10,4.77,7.26,6.10,7.48,5.48,6.87,6.55,5.31,6.90,5.06,6.54,7.08,7.18,6.83,8.35,6.55,7.75,7.29,6.72,7.29,6.10,6.70,7.18,7.21,7.18,5.63,7.18,6.55,7.18,6.60,8.18,5.45,5.14,5.06,6.62,6.97,6.79,7.02,8.35,7.18,6.50,6.54,7.20,7.55,7.22,8.05,7.63,6.68,5.34,6.37,6.72,7.29,8.97,6.48,6.68,5.95,6.50,7.21,7.25,6.79,5.42,6.66,6.93,6.83,5.95,7.42,6.81,6.26,7.71,6.27,6.52,7.69,7.83,6.25,6.73,7.84,6.49,6.99,6.81,6.94,7.60,3.04,3.20,7.21,7.36,7.42,7.29,5.98,7.07,7.18,5.40,8.32,6.98,6.24,6.62,6.62,6.56,7.18,7.21,7.42,9.10,6.54,6.71,4.63,5.98,5.98,5.14,5.46,6.25,7.99,6.41,6.76,6.66,6.60,7.41,7.52,6.68,7.40,8.34,5.33,4.73,6.36,4.75,5.38,4.30,7.20,6.23,7.60,6.62,7.48,7.21,7.18,6.87,6.80,7.36,5.31,7.22,6.71,8.11,7.71,8.09,6.73,7.68,6.56,7.18,8.06,5.63,7.17,6.80,7.14,7.28,7.78,6.42,6.98,7.51,6.97,6.90,8.64,5.98,8.06,7.30,5.95,6.24,6.79,7.52,7.20
0.81,13,5.49,6.41,6.80,7.85,6.99,7.05,7.68,7.77,7.73,8.08,7.11,6.78,6.85,7.73,7.89,7.32,6.79,7.79,5.71,7.86,6.87,6.91,8.12,7.78,6.40,7.36,7.00,8.74,6.64,7.36,7.43,7.42,7.79,8.10,6.18,8.21,8.01,7.95,5.76,7.44,8.07,3.78,7.86,6.96,8.14,7.73,7.93,8.02,6.96,6.74,5.57,7.78,9.07,7.39,7.73,7.41,8.19,7.02,7.14,7.37,8.74,5.10,7.83,6.51,8.08,5.90,7.41,7.07,5.66,7.45,5.39,7.05,7.64,7.73,7.37,9.01,7.07,8.37,7.86,7.25,7.86,6.53,7.23,7.73,7.78,7.73,5.95,7.73,7.06,7.73,7.12,8.52,5.76,5.48,5.39,7.14,7.52,7.32,7.53,8.72,7.73,7.01,7.01,7.77,8.15,7.79,8.69,8.23,7.21,5.75,6.87,7.25,7.86,9.68,6.99,7.21,6.41,7.01,7.78,7.82,7.32,5.78,7.18,7.48,7.37,6.41,8.00,7.34,6.69,8.32,6.76,7.03,8.30,8.45,6.74,7.26,8.46,7.00,7.54,7.34,7.49,8.21,3.23,3.41,7.78,7.94,8.01,7.86,6.45,7.62,7.73,5.76,8.91,7.54,6.73,6.96,6.96,7.08,7.73,7.78,8.01,9.83,7.05,7.23,4.95,6.45,6.45,5.48,5.82,6.74,8.62,6.91,7.29,7.18,7.12,8.00,8.12,7.21,7.98,9.00,5.68,5.05,6.86,5.08,5.74,4.56,7.77,6.72,8.21,7.14,8.08,7.78,7.73,7.41,7.34,7.94,5.66,7.79,7.07,8.76,8.32,8.74,7.26,8.28,7.08,7.73,8.70,5.98,7.74,7.34,7.71,7.85,8.40,6.92,7.53,8.10,7.52,7.44,9.32,6.45,8.70,7.88,6.41,6.73,7.33,8.12,7.77
0.88,14,5.83,6.87,7.28,8.41,7.49,7.55,8.23,8.33,8.27,8.66,7.62,7.01,7.31,8.27,8.45,7.85,7.27,8.34,6.06,8.43,7.36,7.41,8.70,8.34,6.80,7.89,7.50,9.37,7.09,7.89,7.96,7.95,8.34,8.69,6.57,8.80,8.59,8.52,6.11,7.97,8.65,4.02,8.43,7.46,8.73,8.27,8.50,8.55,7.46,7.21,5.90,8.34,9.63,7.92,8.27,7.94,8.78,7.52,7.65,7.90,9.38,5.42,8.39,6.91,8.66,6.31,7.94,7.57,6.00,7.98,5.71,7.55,8.18,8.27,7.90,9.67,7.57,8.97,8.43,7.76,8.43,6.96,7.75,8.27,8.34,8.27,6.25,8.27,7.57,8.27,7.63,8.86,6.07,5.81,5.71,7.65,8.06,7.85,8.03,9.07,8.27,7.51,7.47,8.33,8.73,8.34,9.32,8.83,7.73,6.16,7.36,7.76,8.43,10.39,7.48,7.73,6.87,7.51,8.34,8.38,7.85,6.13,7.69,8.01,7.90,6.87,8.58,7.87,7.11,8.92,7.24,7.53,8.89,9.06,7.22,7.77,9.08,7.50,8.08,7.87,8.03,8.80,3.38,3.61,8.34,8.51,8.58,8.43,6.91,8.17,8.27,6.11,9.49,8.08,7.20,7.29,7.29,7.58,8.27,8.34,8.58,10.55,7.56,7.75,5.25,6.91,6.91,5.81,6.18,7.22,9.24,7.41,7.81,7.69,7.63,8.57,8.70,7.72,8.56,9.65,6.03,5.36,7.35,5.39,6.09,4.80,8.33,7.19,8.80,7.65,8.66,8.34,8.27,7.94,7.86,8.51,6.00,8.35,7.41,9.39,8.92,9.37,7.78,8.88,7.58,8.27,9.33,6.32,8.30,7.86,8.26,8.42,9.00,7.42,8.07,8.69,8.05,7.97,10.00,6.91,9.33,8.44,6.87,7.20,7.85,8.70,8.33
0.94,15,6.18,7.33,7.78,8.99,8.00,8.06,8.79,8.90,8.82,9.26,8.14,7.25,7.77,8.82,9.03,8.38,7.77,8.91,6.41,9.00,7.86,7.91,9.30,8.90,7.21,8.43,8.01,10.01,7.56,8.43,8.50,8.49,8.89,9.28,6.97,9.40,9.17,9.10,6.47,8.52,9.24,4.26,9.00,7.96,9.33,8.82,9.08,9.09,7.96,7.70,6.25,8.90,10.21,8.46,8.82,8.48,9.38,8.03,8.17,8.43,10.02,5.75,8.97,7.32,9.25,6.74,8.48,8.09,6.36,8.53,6.04,8.06,8.74,8.82,8.43,10.33,8.09,9.59,9.00,8.29,9.00,7.39,8.27,8.82,8.90,8.82,6.56,8.82,8.08,8.82,8.15,9.20,6.38,6.15,6.04,8.17,8.60,8.38,8.54,9.44,8.82,8.02,7.94,8.90,9.33,8.91,9.96,9.43,8.25,6.57,7.86,8.29,9.00,11.10,7.99,8.25,7.33,8.02,8.90,8.96,8.38,6.49,8.22,8.56,8.43,7.33,9.17,8.41,7.54,9.53,7.73,8.04,9.50,9.68,7.71,8.30,9.70,8.01,8.63,8.41,8.57,9.40,3.58,3.82,8.90,9.09,9.17,9.00,7.37,8.73,8.82,6.47,10.08,8.63,7.69,7.63,7.63,8.10,8.82,8.91,9.17,11.27,8.07,8.28,5.57,7.37,7.37,6.15,6.54,7.71,9.88,7.91,8.34,8.22,8.15,9.16,9.30,8.25,9.14,10.32,6.38,5.68,7.84,5.72,6.45,5.05,8.89,7.68,9.40,8.17,9.25,8.90,8.82,8.48,8.40,9.09,6.36,8.92,7.77,10.03,9.53,10.01,8.31,9.49,8.10,8.82,9.97,6.67,8.86,8.40,8.82,8.99,9.62,7.92,8.62,9.28,8.60,8.52,10.69,7.37,9.97,9.02,7.33,7.69,8.38,9.30,8.90
1.00,16,6.61,8.15,8.62,9.91,8.86,8.93,9.71,9.82,9.44,10.20,9.01,7.84,8.31,9.44,9.96,9.27,8.61,9.84,7.12,9.93,8.71,8.76,10.24,9.82,7.97,9.31,8.87,11.01,8.10,9.31,9.39,9.38,9.52,10.23,7.72,10.35,10.11,10.04,7.18,9.41,10.18,4.85,9.93,8.82,10.27,9.44,10.02,9.98,8.82,8.54,6.94,9.82,11.14,9.35,9.44,9.38,10.34,8.90,9.05,9.32,11.01,6.43,9.89,8.09,10.19,7.52,9.38,8.95,7.06,9.42,6.73,8.93,9.65,9.44,9.32,11.35,8.95,10.55,9.93,9.17,9.93,7.90,9.15,9.44,9.82,9.44,7.23,9.44,8.94,9.44,9.02,9.90,7.04,6.84,6.73,9.05,9.50,9.27,9.13,10.16,9.44,8.88,8.49,9.82,10.28,9.84,10.95,10.39,9.13,7.34,8.71,9.17,9.93,12.17,8.85,9.13,8.15,8.88,9.82,9.88,9.27,7.20,9.09,9.46,9.32,8.15,10.10,9.29,8.33,10.49,8.57,8.91,10.46,10.65,8.55,9.18,10.67,8.87,9.53,9.29,9.47,10.35,4.11,4.38,9.82,10.03,10.11,9.93,8.19,9.64,9.44,7.18,11.03,9.53,8.53,8.32,8.32,8.96,9.44,9.83,10.11,12.35,8.94,9.16,6.24,8.19,8.19,6.84,7.26,8.55,10.86,8.76,9.22,9.09,9.02,10.10,10.24,9.12,10.08,11.33,7.09,6.36,8.69,6.39,7.16,5.65,9.81,8.52,10.35,9.04,10.19,9.82,9.44,9.37,9.28,10.02,7.06,9.84,8.48,11.03,10.49,11.00,9.19,10.45,8.96,9.44,10.96,7.38,9.78,9.28,9.74,9.92,10.59,8.77,9.52,10.22,9.50,9.41,11.73,8.19,10.96,9.95,8.15,8.53,9.27,10.24,9.82
1.06,17,6.95,8.60,9.10,10.48,9.36,9.43,10.26,10.38,9.98,10.78,9.51,8.07,8.76,9.98,10.53,9.79,9.09,10.39,7.46,10.50,9.20,9.26,10.83,10.38,8.37,9.84,9.37,11.64,8.56,9.84,9.93,9.91,10.07,10.81,8.10,10.94,10.69,10.61,7.53,9.94,10.76,5.08,10.49,9.31,10.86,9.98,10.59,10.50,9.31,9.02,7.28,10.38,11.71,9.88,9.98,9.91,10.93,9.40,9.56,9.85,11.65,6.75,10.45,8.49,10.77,7.93,9.91,9.46,7.40,9.95,7.05,9.43,10.20,9.98,9.85,12.00,9.46,11.16,10.50,9.69,10.50,8.33,9.67,9.98,10.38,9.98,7.53,9.98,9.45,9.98,9.53,10.24,7.34,7.17,7.05,9.56,10.04,9.79,9.63,10.52,9.98,9.38,8.95,10.38,10.87,10.39,11.58,10.98,9.64,7.74,9.20,9.69,10.49,12.88,9.35,9.64,8.60,9.38,10.38,10.44,9.79,7.55,9.60,9.99,9.85,8.60,10.68,9.82,8.75,11.09,9.05,9.41,11.06,11.26,9.03,9.70,11.28,9.37,10.07,9.82,10.01,10.94,4.26,4.57,10.38,10.60,10.68,10.50,8.65,10.18,9.98,7.53,11.61,10.07,9.01,8.64,8.64,9.47,9.98,10.39,10.68,13.07,9.44,9.67,6.54,8.65,8.65,7.17,7.61,9.02,11.49,9.26,9.74,9.60,9.53,10.67,10.83,9.64,10.65,11.98,7.43,6.67,9.18,6.71,7.51,5.89,10.37,9.00,10.94,9.55,10.77,10.38,9.98,9.90,9.81,10.59,7.40,10.40,8.82,11.66,11.09,11.64,9.71,11.05,9.47,9.98,11.59,7.72,10.34,9.81,10.29,10.48,11.19,9.27,10.06,10.81,10.04,9.94,12.41,8.65,11.59,10.51,8.60,9.01,9.79,10.83,10.38
1.13,18,7.30,9.07,9.60,11.05,9.86,9.94,10.82,10.94,10.53,11.37,10.03,8.31,9.23,10.53,11.10,10.32,9.58,10.96,7.82,11.07,9.70,9.76,11.42,10.95,8.78,10.38,9.88,12.28,9.02,10.38,10.47,10.45,10.62,11.41,8.50,11.55,11.27,11.19,7.89,10.49,11.35,5.33,11.07,9.82,11.46,10.53,11.17,11.04,9.82,9.51,7.62,10.95,9.20,10.42,10.53,10.45,11.53,9.91,10.08,10.39,12.29,7.08,11.03,8.86,11.37,8.35,10.45,9.97,7.75,10.50,7.38,9.94,10.76,10.53,10.39,12.67,9.97,11.77,11.07,10.22,11.07,8.08,10.19,10.53,10.95,10.53,8.30,10.53,9.96,10.53,10.05,12.98,10.57,7.51,7.38,10.08,10.59,10.32,10.14,10.89,10.53,9.89,8.77,10.94,11.46,10.96,12.22,11.58,10.17,8.15,9.70,10.22,11.07,13.59,9.86,10.17,9.07,9.89,10.95,11.01,10.32,7.91,10.13,10.54,10.39,9.07,11.27,10.35,9.18,11.70,9.54,9.92,11.67,11.89,9.52,10.23,11.90,9.88,10.62,10.35,10.56,11.55,4.44,4.78,10.95,11.18,11.27,11.07,9.12,10.74,10.53,7.89,11.83,10.62,9.50,8.98,8.98,9.98,10.53,10.96,11.27,13.79,9.95,10.20,9.66,9.12,9.12,7.51,7.98,9.51,12.12,9.76,10.27,10.13,10.04,11.26,11.42,10.16,11.24,12.65,7.79,6.99,9.68,7.04,7.87,7.22,10.94,9.48,11.55,10.07,11.37,10.95,10.53,10.44,10.34,11.17,7.75,10.97,9.72,12.31,11.70,12.28,10.24,11.65,9.98,10.53,12.23,8.83,10.90,10.34,10.85,11.06,11.81,9.77,10.61,11.40,10.59,10.49,13.10,9.12,12.23,11.09,9.07,9.50,10.33,11.42,10.94
1.19,19,7.64,9.52,10.08,11.62,10.36,10.45,11.37,11.50,11.07,11.96,10.54,8.54,9.68,11.07,11.67,10.85,10.07,11.52,8.16,11.64,10.19,10.25,12.01,11.51,9.18,10.90,10.38,12.91,9.48,10.90,11.00,10.98,11.16,11.99,8.89,12.14,11.85,11.76,8.24,11.02,11.93,5.56,11.63,10.32,12.04,11.07,11.74,11.57,10.32,9.99,7.96,11.51,9.53,10.94,11.07,10.98,12.12,10.41,10.59,10.91,12.92,7.39,11.59,9.29,11.95,8.77,10.98,10.47,8.10,11.03,7.70,10.45,11.31,11.07,10.91,13.32,10.47,12.37,11.64,10.74,11.64,8.44,10.71,11.07,11.51,11.07,8.60,11.07,10.47,11.07,10.56,13.32,10.92,7.84,7.70,10.59,11.13,10.85,10.64,11.25,11.07,10.39,9.16,11.50,12.05,11.52,12.84,12.18,10.68,8.56,10.19,10.74,11.63,14.30,10.36,10.68,9.52,10.39,11.51,11.58,10.85,8.26,10.64,11.07,10.91,9.52,11.84,10.88,9.60,12.31,10.02,10.42,12.27,12.50,10.00,10.75,12.52,10.38,11.16,10.88,11.09,12.14,4.60,4.98,11.51,11.75,11.85,11.64,9.57,11.29,11.07,8.24,12.22,11.16,9.98,9.31,9.31,10.49,11.07,11.52,11.85,14.51,10.46,10.72,10.15,9.57,9.57,7.84,8.33,9.99,12.74,10.25,10.79,10.64,10.55,11.83,12.01,10.68,11.81,13.30,8.13,7.30,10.17,7.35,8.22,7.55,11.50,9.96,12.14,10.58,11.95,11.51,11.07,10.97,10.87,11.75,8.10,11.53,10.07,12.94,12.31,12.91,10.76,12.25,10.49,11.07,12.86,9.18,11.46,10.87,11.41,11.62,12.42,10.26,11.15,11.99,11.13,11.02,13.77,9.57,12.86,11.65,9.52,9.98,10.85,12.01,11.50
1.25,20,7.99,9.98,10.58,12.19,10.87,10.96,11.93,12.07,11.62,12.55,11.06,8.78,10.15,11.62,12.25,11.38,10.56,12.09,8.52,12.21,10.68,10.75,12.60,12.08,9.59,11.44,10.89,13.56,9.94,11.44,11.54,11.52,11.72,12.58,9.28,12.74,12.44,12.35,8.60,11.56,12.53,5.80,12.21,10.82,12.64,11.62,12.32,12.11,10.82,10.48,8.30,12.08,9.86,11.48,11.62,11.52,12.72,10.92,11.11,11.45,13.57,7.72,12.16,9.74,12.54,9.19,11.52,10.99,8.45,11.57,8.04,10.96,11.86,11.62,11.45,13.98,10.99,12.99,12.21,11.26,12.21,8.81,11.24,11.62,12.08,11.62,8.91,11.62,10.98,11.62,11.07,13.67,11.28,8.17,8.04,11.11,11.68,11.38,11.15,11.62,11.62,10.90,9.57,12.07,12.65,12.09,13.48,12.78,11.21,8.97,10.68,11.26,12.21,15.01,10.86,11.21,9.98,10.90,12.08,12.15,11.38,8.62,11.16,11.62,11.45,9.98,12.43,11.41,10.03,12.92,10.51,10.93,12.88,13.12,10.49,11.28,13.14,10.89,11.71,11.41,11.64,12.74,4.76,5.19,12.08,12.33,12.43,12.21,10.04,11.85,11.62,8.60,12.62,11.71,10.46,9.65,9.65,11.00,11.62,12.09,12.43,15.24,10.97,11.24,10.65,10.04,10.04,8.17,8.70,10.48,13.38,10.75,11.33,11.16,11.07,12.42,12.60,11.20,12.40,13.96,8.49,7.63,10.67,7.68,8.58,7.88,12.07,10.45,12.74,11.10,12.54,12.08,11.62,11.51,11.40,12.33,8.45,12.10,10.42,13.58,12.92,13.55,11.29,12.86,11.00,11.62,13.50,9.53,12.02,11.40,11.97,12.19,13.03,10.77,11.70,12.58,11.68,11.56,14.46,10.04,13.50,12.23,9.98,10.46,11.39,12.60,12.07
1.31,21,8.33,10.44,11.06,12.75,11.37,11.46,12.48,12.63,12.16,13.13,11.56,9.01,10.60,12.16,12.82,11.91,11.04,12.65,8.86,12.78,11.17,11.25,13.19,12.64,9.99,11.97,11.39,14.19,10.40,11.97,12.07,12.06,12.26,13.17,9.67,13.33,13.01,12.92,8.95,12.10,13.11,6.03,12.77,11.32,13.23,12.16,12.89,12.64,11.32,10.96,8.64,12.64,10.18,12.01,12.16,12.05,13.31,11.42,11.62,11.98,14.20,8.04,12.72,10.17,13.12,9.61,12.05,11.49,8.79,12.11,8.36,11.46,12.41,12.16,11.98,14.64,11.49,13.59,12.78,11.78,12.78,9.17,11.75,12.16,12.64,12.16,9.22,12.16,11.48,12.16,11.58,14.00,11.63,8.50,8.36,11.62,12.22,11.91,11.65,11.97,12.16,11.40,9.97,12.63,13.24,12.65,14.11,13.38,11.72,9.37,11.17,11.78,12.77,15.72,11.36,11.72,10.44,11.40,12.64,12.71,11.91,8.97,11.67,12.16,11.98,10.44,13.00,11.94,10.45,13.52,10.99,11.43,13.48,13.73,10.97,11.80,13.75,11.39,12.25,11.94,12.18,13.33,4.91,5.38,12.64,12.90,13.01,12.78,10.50,12.39,12.16,8.94,13.01,12.25,10.94,9.98,9.98,11.51,12.16,12.64,13.01,15.95,11.47,11.76,11.13,10.50,10.50,8.50,9.05,10.96,14.00,11.25,11.85,11.67,11.58,12.99,13.19,11.72,12.97,14.61,8.83,7.94,11.15,7.99,8.92,8.21,12.62,10.93,13.33,11.61,13.12,12.64,12.16,12.04,11.93,12.90,8.79,12.66,10.77,14.22,13.52,14.19,11.80,13.46,11.51,12.16,14.13,9.87,12.58,11.93,12.52,12.76,13.64,11.26,12.24,13.16,12.22,12.09,15.14,10.50,14.13,12.80,10.44,10.94,11.91,13.19,12.63
1.38,22,8.69,10.90,11.55,13.33,11.88,11.98,13.05,13.20,12.70,13.72,12.08,9.25,11.06,12.70,13.39,12.44,11.54,13.22,9.22,13.35,11.67,11.75,13.78,13.21,10.40,12.51,11.90,14.83,10.86,12.51,12.62,12.60,12.82,13.76,10.07,13.93,13.60,13.50,9.31,12.64,13.70,6.28,13.35,11.82,13.83,12.70,13.47,13.17,11.82,11.45,8.98,13.21,10.52,12.55,12.70,12.59,13.91,11.93,12.14,12.52,14.84,8.37,13.30,10.61,13.71,10.03,12.59,12.01,9.14,12.65,8.69,11.98,12.97,12.70,12.52,15.30,12.01,14.21,13.35,12.31,13.35,9.54,12.28,12.70,13.21,12.70,9.53,12.70,12.00,12.70,12.10,14.35,11.99,8.84,8.69,12.14,12.77,12.44,12.16,12.34,12.70,11.91,10.38,13.20,13.83,13.22,14.75,13.98,12.25,9.78,11.67,12.31,13.35,16.43,11.87,12.25,10.90,11.91,13.21,13.28,12.44,9.32,12.20,12.70,12.52,10.90,13.59,12.47,10.88,14.13,11.49,11.94,14.09,14.35,11.46,12.32,14.37,11.90,12.81,12.47,12.72,13.93,5.12,5.59,13.21,13.48,13.60,13.35,10.96,12.95,12.70,9.30,13.40,12.80,11.43,10.31,10.31,12.02,12.70,13.21,13.60,16.68,11.99,12.29,11.63,10.96,10.96,8.84,9.42,11.45,14.63,11.75,12.38,12.20,12.10,13.58,13.78,12.24,13.55,15.28,9.19,8.26,11.65,8.32,9.28,8.54,13.19,11.41,13.93,12.13,13.71,13.21,12.70,12.58,12.46,13.48,9.14,13.22,11.67,14.86,14.13,14.83,12.33,14.07,12.02,12.70,14.77,10.22,13.15,12.46,13.09,13.33,14.26,11.76,12.79,13.76,12.76,12.64,15.83,10.96,14.77,13.37,10.90,11.43,12.44,13.78,13.20
1.44,23,9.03,11.36,12.04,13.89,12.38,12.48,13.60,13.76,13.24,14.30,12.59,9.48,11.52,13.24,13.96,12.96,12.02,13.78,9.56,13.92,12.16,12.24,14.37,13.77,10.80,13.03,12.40,15.46,11.32,13.03,13.15,13.13,13.36,14.35,10.46,14.53,14.18,14.07,9.66,13.17,14.28,6.51,13.91,12.32,14.41,13.24,14.04,13.70,12.32,11.92,9.31,13.77,10.84,13.08,13.24,13.12,14.50,12.43,12.65,13.04,15.48,8.69,13.86,11.04,14.30,10.45,13.12,12.51,9.48,13.18,9.01,12.48,13.52,13.24,13.04,15.95,12.51,14.81,13.92,12.83,13.92,9.90,12.80,13.24,13.77,13.24,9.84,13.24,12.50,13.24,12.61,14.69,12.34,9.17,9.01,12.65,13.31,12.96,12.66,12.70,13.24,12.41,10.78,13.76,14.42,13.78,15.38,14.57,12.76,10.19,12.16,12.83,13.91,17.14,12.37,12.76,11.36,12.41,13.77,13.84,12.96,9.67,12.71,13.24,13.04,11.36,14.17,13.00,11.31,14.73,11.97,12.45,14.68,14.96,11.94,12.84,14.98,12.39,13.35,13.00,13.26,14.53,5.28,5.79,13.77,14.06,14.17,13.92,11.42,13.50,13.24,9.65,13.79,13.34,11.91,10.64,10.64,12.53,13.24,13.77,14.17,17.40,12.49,12.81,12.12,11.42,11.42,9.17,9.77,11.93,15.26,12.24,12.90,12.71,12.60,14.16,14.37,12.76,14.13,15.93,9.53,8.57,12.14,8.63,9.63,8.86,13.75,11.89,14.53,12.64,14.29,13.77,13.24,13.11,12.99,14.05,9.48,13.78,12.02,15.50,14.73,15.46,12.85,14.66,12.53,13.24,15.40,10.56,13.70,12.99,13.64,13.90,14.86,12.26,13.33,14.34,13.30,13.17,16.50,11.42,15.40,13.94,11.36,11.91,12.97,14.37,13.76
1.50,24,9.37,11.81,12.52,14.46,12.87,12.98,14.15,14.31,13.78,14.89,13.10,9.71,11.97,13.78,14.53,13.49,12.50,14.34,9.91,14.48,12.65,12.73,14.95,14.32,11.20,13.56,12.90,16.10,11.77,13.56,13.68,13.66,13.90,14.93,10.84,15.12,14.75,14.64,10.00,13.71,14.86,6.74,14.48,12.82,15.00,13.78,14.61,14.23,12.82,12.40,9.65,14.32,11.16,13.61,13.78,13.65,15.09,12.93,13.16,13.57,16.11,9.01,14.42,11.48,14.88,10.86,13.65,13.02,9.83,13.72,9.34,12.98,14.07,13.78,13.57,16.61,13.02,15.41,14.48,13.35,14.48,10.27,13.31,13.78,14.32,13.78,10.14,13.78,13.00,13.78,13.12,15.02,12.69,9.50,9.34,13.16,13.84,13.49,13.16,13.06,13.78,12.91,11.18,14.31,15.01,14.34,16.01,15.17,13.28,10.59,12.65,13.35,14.48,17.84,12.86,13.28,11.81,12.91,14.32,14.41,13.49,10.02,13.22,13.77,13.57,11.81,14.74,13.53,11.73,15.33,12.45,12.95,15.28,15.57,12.42,13.36,15.59,12.89,13.89,13.53,13.80,15.12,5.43,5.99,14.32,14.63,14.75,14.48,11.88,14.04,13.78,10.00,14.18,13.88,12.39,10.97,10.97,13.03,13.78,14.33,14.75,18.11,12.99,13.32,12.61,11.88,11.88,9.50,10.13,12.41,15.88,12.73,13.42,13.22,13.11,14.73,14.95,13.27,14.70,16.58,9.88,8.88,12.63,8.95,9.98,9.19,14.31,12.37,15.12,13.15,14.88,14.32,13.78,13.64,13.51,14.62,9.83,14.34,12.36,16.13,15.33,16.09,13.37,15.26,13.03,13.78,16.03,10.91,14.26,13.51,14.19,14.46,15.47,12.75,13.87,14.92,13.84,13.70,17.18,11.88,16.03,14.51,11.81,12.39,13.49,14.95,14.31
1.56,25,9.72,12.27,13.01,15.03,13.38,13.49,14.71,14.88,14.33,15.48,13.62,9.95,12.43,14.33,15.11,14.02,12.99,14.91,10.26,15.06,13.15,13.24,15.55,14.89,11.61,14.10,13.41,16.74,12.24,14.10,14.22,14.20,14.46,15.52,11.24,15.72,15.34,15.23,10.36,14.25,15.45,6.98,15.05,13.32,15.60,14.33,15.19,14.77,13.32,12.89,9.99,14.89,11.50,14.15,14.33,14.19,15.69,13.44,13.68,14.11,16.75,9.34,15.00,11.92,15.47,11.28,14.19,13.53,10.18,14.26,9.67,13.49,14.62,14.33,14.11,17.27,13.53,16.03,15.06,13.87,15.06,10.64,13.84,14.33,14.89,14.33,10.45,14.33,13.52,14.33,13.64,15.37,13.05,9.84,9.67,13.68,14.39,14.02,13.68,13.43,14.33,13.42,11.58,14.88,15.60,14.91,16.65,15.77,13.80,11.00,13.15,13.87,15.05,18.56,13.37,13.80,12.27,13.42,14.89,14.98,14.02,10.38,13.75,14.32,14.11,12.27,15.33,14.06,12.16,15.94,12.94,13.46,15.89,16.19,12.91,13.89,16.22,13.40,14.44,14.06,14.34,15.72,5.63,6.19,14.89,15.21,15.34,15.06,12.34,14.60,14.33,10.36,14.58,14.43,12.87,11.31,11.31,13.54,14.33,14.90,15.34,18.84,13.50,13.85,13.10,12.34,12.34,9.84,10.49,12.90,16.51,13.24,13.95,13.75,13.63,15.32,15.55,13.80,15.29,17.25,10.23,9.21,13.13,9.28,10.34,9.52,14.88,12.85,15.72,13.67,15.47,14.89,14.33,14.18,14.05,15.20,10.18,14.91,13.26,16.77,15.94,16.74,13.90,15.87,13.54,14.33,16.67,11.26,14.82,14.05,14.76,15.04,16.09,13.25,14.42,15.52,14.39,14.24,17.87,12.34,16.67,15.08,12.27,12.87,14.03,15.55,14.88
1.63,26,10.06,12.73,13.50,15.59,13.88,14.00,15.26,15.44,14.87,16.06,14.12,10.18,12.89,14.87,15.67,14.54,13.48,15.47,10.60,15.62,13.64,13.73,16.13,15.45,12.01,14.62,13.91,17.37,12.69,14.62,14.75,14.73,15.00,16.11,11.63,16.31,15.92,15.80,10.71,14.78,16.03,7.22,15.62,13.82,16.18,14.87,15.76,15.30,13.82,13.37,10.33,15.45,11.82,14.68,14.87,14.72,16.28,13.94,14.19,14.63,17.38,9.65,15.56,12.35,16.05,11.70,14.72,14.03,10.52,14.79,9.99,14.00,15.17,14.87,14.63,17.93,14.03,16.63,15.62,14.39,15.62,11.00,14.36,14.87,15.45,14.87,10.76,14.87,14.02,14.87,14.14,15.71,13.40,10.17,9.99,14.19,14.93,14.54,14.18,13.79,14.87,13.92,11.98,15.44,16.19,15.47,17.28,16.36,14.32,11.41,13.64,14.39,15.62,19.26,13.87,14.32,12.73,13.92,15.45,15.54,14.54,10.73,14.26,14.86,14.63,12.73,15.91,14.59,12.58,16.54,13.42,13.96,16.49,16.80,13.39,14.41,16.83,13.90,14.98,14.59,14.88,16.31,5.78,6.39,15.45,15.78,15.91,15.62,12.80,15.15,14.87,10.71,14.97,14.97,13.35,11.64,11.64,14.05,14.87,15.46,15.91,19.56,14.01,14.37,13.59,12.80,12.80,10.17,10.85,13.37,17.14,13.73,14.47,14.26,14.14,15.89,16.13,14.31,15.86,17.90,10.57,9.52,13.61,9.59,10.69,9.85,15.43,13.33,16.31,14.18,16.05,15.45,14.87,14.71,14.57,15.77,10.52,15.47,13.61,17.41,16.54,17.37,14.42,16.47,14.05,14.87,17.30,11.60,15.38,14.57,15.31,15.60,16.69,13.75,14.96,16.10,14.93,14.78,18.55,12.80,17.30,15.65,12.73,13.35,14.55,16.13,15.44
1.69,27,10.41,13.19,13.99,16.17,14.39,14.51,15.82,16.01,15.42,16.65,14.64,10.42,13.35,15.42,16.25,15.08,13.97,16.04,10.96,16.20,14.14,14.23,16.73,16.02,12.42,15.16,14.42,18.01,13.16,15.16,15.30,15.27,15.56,16.70,12.02,16.91,16.50,16.38,11.07,15.32,16.62,7.46,16.19,14.32,16.78,15.42,16.34,15.83,14.32,13.86,10.67,16.02,12.16,15.22,15.42,15.26,16.88,14.45,14.71,15.17,18.03,9.98,16.13,12.79,16.64,12.12,15.26,14.55,10.87,15.34,10.32,14.51,15.73,15.42,15.17,18.59,14.55,17.25,16.20,14.92,16.20,11.37,14.88,15.42,16.02,15.42,11.50,15.42,14.54,15.42,14.66,16.05,13.76,10.50,10.32,14.71,15.48,15.08,14.69,14.16,15.42,14.43,12.39,16.01,16.79,16.04,17.92,16.97,14.84,11.82,14.14,14.92,16.19,19.98,14.38,14.84,13.19,14.43,16.02,16.11,15.08,11.09,14.78,15.40,15.17,13.19,16.49,15.12,13.01,17.15,13.91,14.47,17.10,17.42,13.88,14.94,17.45,14.41,15.53,15.12,15.43,16.91,5.94,6.60,16.02,16.36,16.50,16.20,13.27,15.70,15.42,11.07,15.36,15.52,13.84,12.70,12.70,14.56,15.42,16.03,16.50,20.28,14.52,14.89,14.09,13.27,13.27,10.50,11.21,13.86,17.77,14.23,15.00,14.78,14.66,16.48,16.73,14.84,16.45,18.56,10.93,9.84,14.11,9.92,11.05,10.18,16.00,13.82,16.91,14.70,16.64,16.02,15.42,15.25,15.11,16.35,10.87,16.04,13.96,18.05,17.15,18.01,14.95,17.07,14.56,15.42,17.93,11.95,15.95,15.11,15.87,16.18,17.31,14.25,15.51,16.69,15.48,15.32,19.24,13.27,17.93,16.22,13.19,13.84,15.09,16.73,16.01
1.75,28,10.75,13.64,14.47,16.73,14.89,15.01,16.37,16.57,15.96,17.23,15.15,10.65,13.80,15.96,16.82,15.60,14.45,16.60,11.30,16.76,14.63,14.72,17.31,16.58,12.82,15.69,14.91,18.65,13.61,15.69,15.83,15.80,16.10,17.29,12.41,17.50,17.08,16.95,11.42,15.86,17.20,7.69,16.76,14.82,17.37,15.96,16.91,16.36,14.82,14.34,11.01,16.58,12.48,15.74,15.96,15.80,17.47,14.95,15.22,15.70,18.66,10.30,16.69,13.23,17.22,12.54,15.80,15.05,11.22,15.87,10.65,15.01,16.28,15.96,15.70,19.24,15.05,17.85,16.76,15.44,16.76,11.73,15.40,15.96,16.58,15.96,11.80,15.96,15.04,15.96,15.17,16.39,14.11,10.83,10.65,15.22,16.02,15.60,15.19,14.51,15.96,14.93,12.79,16.57,17.38,16.60,18.54,17.56,15.36,12.22,14.63,15.44,16.76,20.68,14.88,15.36,13.64,14.93,16.58,16.68,15.60,11.44,15.29,15.94,15.70,13.64,17.07,15.65,13.43,17.75,14.39,14.97,17.70,18.03,14.36,15.46,18.06,14.91,16.07,15.65,15.96,17.50,6.09,6.80,16.58,16.93,17.08,16.76,13.72,16.25,15.96,11.42,15.75,16.06,14.32,13.03,13.03,15.07,15.96,16.59,17.08,21.00,15.02,15.41,14.57,13.72,13.72,10.83,11.57,14.34,18.40,14.72,15.52,15.29,15.17,17.05,17.31,15.35,17.02,19.21,11.27,10.15,14.60,10.23,11.40,10.51,16.56,14.30,17.50,15.21,17.22,16.58,15.96,15.78,15.63,16.93,11.22,16.60,14.31,18.69,17.75,18.64,15.47,17.67,15.07,15.96,18.56,12.29,16.50,15.63,16.42,16.74,17.92,14.74,16.05,17.28,16.02,15.85,19.91,13.72,18.56,16.79,13.64,14.32,15.61,17.31,16.57
1.81,29,11.10,14.11,14.97,17.31,15.40,15.52,16.94,17.13,16.51,17.83,15.67,10.89,14.27,16.51,17.39,16.14,14.95,17.17,11.66,17.34,15.13,15.22,17.91,17.15,13.23,16.22,15.42,19.29,14.08,16.22,16.37,16.34,16.65,17.88,12.81,18.11,17.67,17.53,11.78,16.40,17.80,7.94,17.33,15.32,17.96,16.51,17.49,16.90,15.32,14.83,11.35,17.15,12.81,16.28,16.51,16.34,18.07,15.46,15.74,16.24,19.30,10.63,17.27,13.67,17.82,12.96,16.34,15.57,11.57,16.41,10.98,15.52,16.84,16.51,16.24,19.91,15.57,18.47,17.34,15.97,17.34,12.10,15.93,16.51,17.15,16.51,12.12,16.51,15.55,16.51,15.69,16.74,14.47,11.17,10.98,15.74,16.57,16.14,15.70,14.88,16.51,15.44,13.20,17.13,17.97,17.17,19.18,18.17,15.88,12.64,15.13,15.97,17.33,21.40,15.38,15.88,14.11,15.44,17.15,17.25,16.14,11.80,15.82,16.48,16.24,14.11,17.65,16.18,13.86,18.36,14.88,15.48,18.31,18.65,14.84,15.99,18.68,15.42,16.62,16.18,16.51,18.11,6.30,7.00,17.15,17.51,17.66,17.34,14.19,16.81,16.51,11.78,16.15,16.61,14.81,13.37,13.37,15.58,16.51,17.16,17.66,21.73,15.54,15.94,15.07,14.19,14.19,11.17,11.93,14.83,19.03,15.22,16.05,15.82,15.68,17.64,17.91,15.88,17.61,19.88,11.63,10.47,15.10,10.56,11.76,10.84,17.13,14.78,18.11,15.73,17.81,17.15,16.51,16.32,16.17,17.51,11.57,17.17,15.21,19.33,18.36,19.29,16.00,18.28,15.58,16.51,19.20,12.65,17.07,16.17,16.99,17.31,18.53,15.24,16.60,17.87,16.56,16.40,20.60,14.19,19.20,17.37,14.11,14.81,16.14,17.91,17.13
1.88,30,11.44,14.56,15.45,17.87,15.89,16.03,17.49,17.69,17.04,18.41,16.17,11.12,14.72,17.04,17.96,16.66,15.43,17.73,12.00,17.90,15.61,15.72,18.49,17.71,13.62,16.75,15.92,19.92,14.53,16.75,16.90,16.87,17.20,18.46,13.19,18.70,18.24,18.11,12.13,16.93,18.38,8.17,17.90,15.82,18.55,17.04,18.06,17.43,15.82,15.30,11.69,17.71,13.14,16.81,17.04,16.87,18.67,15.97,16.25,16.76,19.94,10.95,17.83,14.10,18.40,13.38,16.87,16.07,11.91,16.95,11.30,16.03,17.38,17.04,16.76,20.56,16.07,19.07,17.90,16.48,17.90,12.46,16.44,17.04,17.71,17.04,12.42,17.04,16.06,17.04,16.20,17.07,14.82,11.50,11.30,16.25,17.11,16.66,16.20,15.24,17.04,15.94,13.60,17.69,18.56,17.73,19.81,18.76,16.40,13.04,15.61,16.48,17.90,22.11,15.88,16.40,14.56,15.94,17.71,17.81,16.66,12.15,16.33,17.02,16.76,14.56,18.23,16.71,14.29,18.96,15.36,15.99,18.90,19.26,15.32,16.50,19.29,15.92,17.16,16.71,17.05,18.70,6.45,7.20,17.71,18.09,18.24,17.90,14.65,17.36,17.04,12.13,16.54,17.15,15.28,13.70,13.70,16.09,17.04,17.72,18.24,22.44,16.04,16.45,15.56,14.65,14.65,11.50,12.29,15.31,19.65,15.72,16.58,16.33,16.19,18.22,18.49,16.39,18.18,20.53,11.97,10.78,15.59,10.87,12.11,11.16,17.69,15.26,18.70,16.24,18.40,17.71,17.04,16.85,16.69,18.08,11.91,17.73,15.56,19.96,18.96,19.92,16.52,18.88,16.09,17.04,19.83,12.99,17.62,16.69,17.54,17.88,19.14,15.74,17.14,18.46,17.10,16.93,21.28,14.65,19.83,17.93,14.56,15.28,16.67,18.49,17.69
1.94,31,11.79,15.03,15.94,18.45,16.40,16.54,18.05,18.26,17.59,19.00,16.69,11.36,15.19,17.59,18.54,17.19,15.92,18.30,12.36,18.48,16.11,16.22,19.09,18.28,14.03,17.29,16.43,20.56,15.00,17.29,17.44,17.41,17.75,19.06,13.59,19.30,18.83,18.69,12.49,17.48,18.97,8.41,18.47,16.33,19.15,17.59,18.65,17.97,16.33,15.79,12.03,18.28,13.47,17.35,17.59,17.41,19.27,16.48,16.77,17.30,20.58,11.28,18.40,14.54,18.99,13.80,17.41,16.58,12.26,17.49,11.63,16.54,17.94,17.59,17.30,21.23,16.58,19.68,18.48,17.01,18.48,12.83,16.97,17.59,18.28,17.59,12.74,17.59,16.57,17.59,16.72,17.42,15.18,11.84,11.63,16.77,17.66,17.19,16.71,15.61,17.59,16.45,14.01,18.26,19.16,18.30,20.45,19.36,16.92,13.45,16.11,17.01,18.47,22.82,16.39,16.92,15.03,16.45,18.28,18.38,17.19,12.51,16.85,17.56,17.30,15.03,18.82,17.24,14.72,19.57,15.85,16.50,19.51,19.88,15.81,17.03,19.91,16.43,17.71,17.24,17.59,19.30,6.61,7.41,18.28,18.67,18.83,18.48,15.11,17.91,17.59,12.49,16.94,17.70,15.77,14.03,14.03,16.60,17.59,18.29,18.83,23.17,16.55,16.98,16.06,15.11,15.11,11.84,12.65,15.80,20.29,16.22,17.11,16.85,16.71,18.80,19.09,16.92,18.77,21.19,12.33,11.11,16.08,11.20,12.46,11.50,18.25,15.75,19.30,16.76,18.99,18.28,17.59,17.39,17.22,18.66,12.26,18.30,15.91,20.61,19.57,20.56,17.04,19.48,16.60,17.59,20.47,13.34,18.19,17.23,18.10,18.45,19.76,16.24,17.69,19.05,17.65,17.47,21.97,15.11,20.47,18.51,15.03,15.77,17.20,19.09,18.26
2.00,32,12.13,15.48,16.43,19.01,16.90,17.04,18.60,18.82,18.13,19.58,17.20,11.59,15.64,18.13,19.11,17.72,16.40,18.86,12.70,19.05,16.60,16.71,19.67,18.83,14.43,17.81,16.93,21.20,15.45,17.81,17.97,17.95,18.30,19.64,13.98,19.89,19.41,19.26,12.84,18.01,19.55,8.64,19.04,16.82,19.73,18.13,19.22,18.49,16.82,16.27,12.37,18.83,13.79,17.88,18.13,17.94,19.86,16.98,17.28,17.83,21.21,11.60,18.97,14.98,19.57,14.22,17.94,17.09,12.60,18.03,11.96,17.04,18.49,18.13,17.83,21.88,17.09,20.29,19.05,17.53,19.05,13.19,17.49,18.13,18.83,18.13,13.04,18.13,17.07,18.13,17.23,17.75,15.53,12.17,11.96,17.28,18.19,17.72,17.21,15.97,18.13,16.95,14.40,18.82,19.74,18.86,21.08,19.96,17.44,13.86,16.60,17.53,19.04,23.53,16.89,17.44,15.48,16.95,18.83,18.94,17.72,12.86,17.37,18.10,17.83,15.48,19.39,17.77,15.14,20.17,16.33,17.00,20.11,20.49,16.29,17.55,20.53,16.93,18.25,17.77,18.13,19.89,6.88,7.61,18.83,19.24,19.40,19.05,15.57,18.46,18.13,12.84,17.33,18.24,16.25,14.36,14.36,17.11,18.13,18.84,19.40,23.89,17.06,17.50,16.54,15.57,15.57,12.17,13.01,16.28,20.91,16.71,17.63,17.37,17.22,19.38,19.67,17.43,19.34,21.84,12.67,11.42,16.57,11.52,12.81,11.82,18.81,16.23,19.89,17.27,19.57,18.83,18.13,17.92,17.75,19.23,12.60,18.86,16.80,21.24,20.17,21.19,17.56,20.08,17.11,18.13,21.10,13.68,18.75,17.75,18.66,19.02,20.36,16.73,18.23,19.63,18.19,18.00,22.64,15.57,21.10,19.08,15.48,16.25,17.73,19.67,18.82
2.06,33,12.47,15.93,16.91,19.57,17.40,17.55,19.15,19.38,18.67,20.16,17.71,11.82,16.09,18.67,19.67,18.24,16.89,19.42,13.05,19.61,17.09,17.20,20.26,19.39,14.83,18.34,17.43,21.83,15.91,18.34,18.51,18.48,18.84,20.23,14.37,20.48,19.98,19.83,13.18,18.54,20.13,8.88,19.60,17.32,20.32,18.67,19.79,19.02,17.32,16.75,12.70,19.39,14.12,18.41,18.67,18.47,20.45,17.48,17.79,18.36,21.85,11.91,19.53,15.41,20.15,14.63,18.47,17.59,12.95,18.56,12.28,17.55,19.04,18.67,18.36,22.53,17.59,20.89,19.61,18.05,19.61,13.55,18.00,18.67,19.39,18.67,13.35,18.67,17.58,18.67,17.73,18.09,15.88,12.50,12.28,17.79,18.73,18.24,17.71,16.33,18.67,17.45,14.80,19.38,20.33,19.42,21.71,20.55,17.95,14.26,17.09,18.05,19.60,24.23,17.39,17.95,15.93,17.45,19.39,19.51,18.24,13.21,17.88,18.64,18.36,15.93,19.97,18.29,15.56,20.77,16.81,17.50,20.71,21.10,16.77,18.07,21.14,17.43,18.79,18.29,18.67,20.48,7.03,7.80,19.39,19.81,19.98,19.61,16.03,19.01,18.67,13.19,17.71,18.78,16.73,14.69,14.69,17.61,18.67,19.40,19.98,24.60,17.56,18.01,17.03,16.03,16.03,12.50,13.36,16.76,21.53,17.20,18.15,17.88,17.73,19.95,20.26,17.95,19.91,22.50,13.02,11.73,17.06,11.83,13.16,12.15,19.37,16.70,20.48,17.78,20.15,19.39,18.67,18.45,18.27,19.80,12.95,19.42,17.15,21.88,20.77,21.83,18.08,20.68,17.61,18.67,21.73,14.02,19.30,18.28,19.21,19.58,20.97,17.23,18.77,20.22,18.73,18.54,23.32,16.03,21.73,19.64,15.93,16.73,18.25,20.26,19.38
2.13,34,12.83,16.40,17.40,20.15,17.91,18.06,19.71,19.95,19.22,20.76,18.22,12.06,16.56,19.22,20.25,18.78,17.38,19.98,13.40,20.19,17.59,17.71,20.85,19.96,15.24,18.88,17.94,22.47,16.37,18.88,19.05,19.02,19.39,20.82,14.76,21.08,20.57,20.41,13.54,19.08,20.72,9.12,20.18,17.82,20.92,19.22,20.37,19.56,17.82,17.24,13.04,19.96,14.45,18.95,19.22,19.01,21.05,17.99,18.31,18.89,22.49,12.24,20.10,15.85,20.74,15.05,19.01,18.11,13.30,19.10,12.61,18.06,19.59,19.22,18.89,23.20,18.11,21.51,20.19,18.58,20.19,13.92,18.53,19.22,19.96,19.22,13.66,19.22,18.09,19.22,18.25,18.44,16.24,12.83,12.61,18.31,19.28,18.78,18.22,16.70,19.22,17.96,15.21,19.95,20.93,19.98,22.35,21.15,18.48,14.67,17.59,18.58,20.18,24.95,17.89,18.48,16.40,17.96,19.96,20.08,18.78,13.57,18.40,19.18,18.89,16.40,20.55,18.83,15.99,21.38,17.30,18.01,21.32,21.72,17.26,18.60,21.76,17.94,19.34,18.83,19.21,21.08,7.19,8.01,19.96,20.39,20.56,20.19,16.49,19.56,19.22,13.55,18.11,19.33,17.22,15.03,15.03,18.13,19.22,19.97,20.56,25.33,18.07,18.54,17.53,16.49,16.49,12.83,13.73,17.24,22.17,17.71,18.68,18.40,18.25,20.54,20.85,18.47,20.50,23.16,13.37,12.05,17.56,12.16,13.52,12.48,19.94,17.19,21.08,18.30,20.74,19.96,19.22,18.99,18.81,20.38,13.30,19.99,17.50,22.52,21.38,22.47,18.61,21.29,18.13,19.22,22.37,14.38,19.87,18.81,19.77,20.16,21.58,17.73,19.32,20.81,19.28,19.08,24.01,16.49,22.37,20.22,16.40,17.22,18.78,20.85,19.95
2.19,35,13.17,16.85,17.89,20.71,18.41,18.56,20.26,20.50,19.76,21.34,18.73,12.29,17.01,19.76,20.82,19.30,17.86,20.54,13.75,20.75,18.08,18.20,21.44,20.52,15.64,19.40,18.44,23.10,16.83,19.40,19.58,19.55,19.94,21.40,15.15,21.68,21.15,20.99,13.89,19.62,21.30,9.35,20.75,18.32,21.50,19.76,20.94,20.09,18.32,17.72,13.38,20.52,14.78,19.48,19.76,19.54,21.64,18.49,18.82,19.42,23.12,12.56,20.66,16.28,21.33,15.47,19.54,18.61,13.64,19.64,12.93,18.56,20.14,19.76,19.42,23.85,18.61,22.11,20.75,19.09,20.75,14.28,19.05,19.76,20.52,19.76,13.96,19.76,18.60,19.76,18.76,18.77,16.59,13.16,12.93,18.82,19.82,19.30,18.72,17.05,19.76,18.46,15.61,20.50,21.52,20.54,22.98,21.75,18.99,15.08,18.08,19.09,20.75,25.65,18.39,18.99,16.85,18.46,20.52,20.64,19.30,13.92,18.91,19.72,19.42,16.85,21.13,19.36,16.41,21.98,17.78,18.51,21.92,22.34,17.74,19.12,22.37,18.43,19.88,19.36,19.75,21.68,7.34,8.21,20.52,20.96,21.14,20.75,16.95,20.11,19.76,13.90,18.50,19.87,17.69,15.36,15.36,18.63,19.76,20.53,21.14,26.05,18.58,19.06,18.01,16.95,16.95,13.16,14.08,17.72,22.79,18.20,19.20,18.91,18.75,21.11,21.44,18.99,21.07,23.81,13.71,12.36,18.05,12.47,13.87,12.80,20.50,17.67,21.68,18.81,21.32,20.52,19.76,19.52,19.33,20.95,13.64,20.55,17.85,23.15,21.98,23.10,19.13,21.89,18.63,19.76,23.00,14.72,20.42,19.34,20.33,20.72,22.19,18.22,19.86,21.39,19.82,19.61,24.69,16.95,23.00,20.78,16.85,17.69,19.31,21.44,20.50
2.25,36,13.52,17.32,18.38,21.29,18.91,19.07,20.82,21.07,20.31,21.93,19.25,12.53,17.47,20.31,21.39,19.83,18.35,21.11,14.10,21.33,18.58,18.70,22.03,21.09,16.05,19.94,18.95,23.75,17.29,19.94,20.12,20.09,20.49,22.00,15.55,22.28,21.73,21.57,14.25,20.16,21.89,9.59,21.32,18.83,22.10,20.31,21.52,20.63,18.83,18.21,13.72,21.09,15.11,20.02,20.31,20.08,22.24,19.00,19.34,19.96,23.77,12.89,21.24,16.73,21.92,15.89,20.08,19.13,13.99,20.18,13.27,19.07,20.70,20.31,19.96,24.52,19.13,22.72,21.33,19.62,21.33,14.65,19.57,20.31,21.09,20.31,16.63,20.31,19.11,20.31,19.28,20.86,16.95,13.50,13.27,19.34,20.37,19.83,19.24,17.42,20.31,18.97,16.02,21.07,22.11,21.11,23.62,22.35,19.52,15.49,18.58,19.62,21.32,26.37,18.90,19.52,17.32,18.97,21.09,21.21,19.83,14.28,19.44,20.26,19.96,17.32,21.72,19.89,16.84,22.59,18.27,19.02,22.53,22.96,18.23,19.65,22.99,18.94,20.43,19.89,20.30,22.28,16.91,8.42,21.09,21.54,21.73,21.33,17.42,20.67,20.31,14.26,18.90,20.42,18.18,15.69,15.69,19.15,20.31,21.10,21.73,26.77,19.09,19.59,18.51,17.42,17.42,13.50,14.45,18.21,23.42,18.70,19.73,19.44,19.27,21.70,22.03,19.51,21.66,24.48,14.07,12.69,18.54,12.80,14.23,13.14,21.06,18.15,22.28,19.33,21.92,21.09,20.31,20.06,19.87,21.53,13.99,21.12,18.74,23.80,22.59,23.74,19.66,22.49,19.15,20.31,23.64,16.09,20.99,19.87,20.89,21.30,22.81,18.73,20.41,21.99,20.36,20.16,25.38,17.42,23.64,21.36,17.32,18.18,19.84,22.03,21.07
2.31,37,13.86,17.77,18.87,21.85,19.41,19.58,21.38,21.63,20.85,22.51,19.76,12.76,17.93,20.85,21.96,20.36,18.84,21.67,14.45,21.89,19.07,19.19,22.62,21.65,16.45,20.47,19.45,24.38,17.75,20.47,20.65,20.62,21.03,22.58,15.93,22.87,22.31,22.14,14.60,20.69,22.47,9.83,21.89,19.32,22.69,20.85,22.09,21.15,19.32,18.68,14.06,21.65,15.43,20.54,20.85,20.61,22.83,19.50,19.85,20.48,24.40,13.21,21.80,17.16,22.50,16.31,20.61,19.63,14.34,20.71,13.59,19.58,21.25,20.85,20.48,25.17,19.63,23.33,21.89,20.14,21.89,15.01,20.09,20.85,21.65,20.85,16.94,20.85,19.61,20.85,19.79,21.20,17.30,13.83,13.59,19.85,20.91,20.36,19.74,17.78,20.85,19.47,16.42,21.63,22.70,21.67,24.25,22.95,20.03,15.89,19.07,20.14,21.89,27.07,19.40,20.03,17.77,19.47,21.65,21.77,20.36,14.63,19.95,20.80,20.48,17.77,22.29,20.42,17.27,23.20,18.75,19.53,23.12,23.57,18.71,20.16,23.60,19.44,20.97,20.42,20.83,22.87,17.35,8.61,21.65,22.11,22.30,21.89,17.87,21.21,20.85,14.61,19.29,20.96,18.66,16.02,16.02,19.65,20.85,21.66,22.30,27.49,19.59,20.10,19.00,17.87,17.87,13.83,14.80,18.69,24.05,19.19,20.25,19.95,19.78,22.28,22.62,20.03,22.23,25.13,14.41,13.00,19.03,13.11,14.58,13.46,21.62,18.63,22.87,19.84,22.50,21.65,20.85,20.60,20.39,22.11,14.34,21.68,19.08,24.43,23.20,24.37,20.18,23.09,19.65,20.85,24.27,16.43,21.55,20.40,21.44,21.86,23.41,19.22,20.95,22.57,20.90,20.69,26.05,17.87,24.27,21.93,17.77,18.66,20.37,22.62,21.63
2.38,38,14.21,18.23,19.36,22.43,19.92,20.09,21.94,22.20,21.39,23.11,20.27,13.00,18.39,21.39,22.54,20.89,19.33,22.24,14.80,22.47,19.57,19.70,23.21,22.22,16.86,21.00,19.96,25.02,18.21,21.00,21.20,21.16,21.59,23.18,16.33,23.47,22.90,22.72,14.96,21.24,23.07,10.07,22.46,19.83,23.28,21.39,22.67,21.69,19.83,19.17,14.40,22.22,15.77,21.08,21.39,21.15,23.43,20.01,20.37,21.02,25.04,13.54,22.37,17.60,23.09,16.73,21.15,20.14,14.69,21.26,13.92,20.09,21.81,21.39,21.02,25.83,20.14,23.94,22.47,20.67,22.47,15.38,20.62,21.39,22.22,21.39,17.25,21.39,20.13,21.39,20.31,21.55,17.66,14.17,13.92,20.37,21.46,20.89,20.25,18.15,21.39,19.98,16.82,22.20,23.30,22.24,24.88,23.55,20.56,16.31,19.57,20.67,22.46,27.79,19.91,20.56,18.23,19.98,22.22,22.35,20.89,14.99,20.47,21.34,21.02,18.23,22.88,20.95,17.70,23.81,19.24,20.04,23.73,24.19,19.20,20.69,24.23,19.95,21.52,20.95,21.38,23.47,17.80,8.82,22.22,22.70,22.89,22.47,18.34,21.77,21.39,14.97,19.68,21.51,19.15,16.36,16.36,20.17,21.39,22.23,22.89,28.22,20.11,20.63,19.49,18.34,18.34,14.17,15.17,19.18,24.68,19.70,20.78,20.47,20.30,22.86,23.21,20.55,22.82,25.79,14.77,13.32,19.53,13.44,14.94,13.80,22.19,19.12,23.47,20.36,23.09,22.22,21.39,21.14,20.93,22.69,14.69,22.25,19.44,25.08,23.81,25.02,20.71,23.70,20.17,21.39,24.91,16.78,22.11,20.93,22.01,22.43,24.03,19.72,21.50,23.17,21.45,21.23,26.74,18.34,24.91,22.50,18.23,19.15,20.90,23.21,22.20
2.44,39,14.55,18.69,19.84,22.99,20.42,20.59,22.49,22.76,21.93,23.69,20.78,13.23,18.84,21.93,23.11,21.41,19.81,22.80,15.15,23.03,20.05,20.19,23.79,22.77,17.26,21.53,20.46,25.65,18.67,21.53,21.73,21.69,22.13,23.76,16.72,24.06,23.47,23.29,15.31,21.77,23.65,10.30,23.03,20.32,23.87,21.93,23.24,22.22,20.32,19.65,14.74,22.77,16.09,21.61,21.93,21.68,24.02,20.51,20.88,21.55,25.67,13.86,22.94,18.03,23.67,17.15,21.68,20.65,15.03,21.79,14.24,20.59,22.35,21.93,21.55,26.49,20.65,24.55,23.03,21.18,23.03,15.74,21.13,21.93,22.77,21.93,17.55,21.93,20.63,21.93,20.81,21.88,18.01,14.50,14.24,20.88,22.00,21.41,20.75,18.51,21.93,20.48,17.22,22.76,23.89,22.80,25.51,24.14,21.08,16.71,20.05,21.18,23.03,28.49,20.40,21.07,18.69,20.48,22.77,22.91,21.41,15.34,20.98,21.88,21.55,18.69,23.46,21.48,18.12,24.41,19.72,20.54,24.33,24.80,19.68,21.21,24.84,20.45,22.06,21.48,21.92,24.06,18.25,9.02,22.77,23.27,23.47,23.03,18.80,22.32,21.93,15.32,20.07,22.05,19.63,16.69,16.69,20.67,21.93,22.79,23.47,28.93,20.61,21.15,19.98,18.80,18.80,14.50,15.52,19.66,25.30,20.19,21.30,20.98,20.81,23.44,23.79,21.06,23.39,26.44,15.11,13.63,20.02,13.75,15.29,14.12,22.75,19.60,24.06,20.87,23.67,22.77,21.93,21.67,21.45,23.26,15.03,22.81,20.33,25.71,24.41,25.65,21.23,24.30,20.67,21.93,25.54,17.12,22.67,21.46,22.56,23.00,24.64,20.22,22.04,23.75,21.99,21.76,27.42,18.80,25.54,23.07,18.69,19.63,21.42,23.79,22.76
2.50,40,14.90,19.15,20.34,23.56,20.93,21.10,23.05,23.33,22.48,24.28,21.30,13.47,19.31,22.48,23.68,21.95,20.31,23.37,15.50,23.61,20.55,20.69,24.39,23.34,17.67,22.07,20.97,26.30,19.13,22.07,22.27,22.23,22.69,24.35,17.11,24.67,24.06,23.88,15.67,22.31,24.24,10.54,23.60,20.83,24.47,22.48,23.82,22.76,20.83,20.14,15.08,23.34,16.42,22.15,22.48,22.22,24.62,21.02,21.40,22.09,26.32,14.18,23.51,18.48,24.26,17.57,22.22,21.16,15.38,22.33,14.57,21.10,22.91,22.48,22.09,27.15,21.16,25.16,23.61,21.71,23.61,16.12,21.66,22.48,23.34,22.48,17.87,22.48,21.14,22.48,21.33,22.23,18.37,14.84,14.57,21.40,22.54,21.95,21.26,18.88,22.48,20.99,17.63,23.33,24.48,23.37,26.15,24.75,21.60,17.12,20.55,21.71,23.60,29.21,20.91,21.60,19.15,20.99,23.34,23.48,21.95,15.70,21.51,22.43,22.09,19.15,24.04,22.01,18.55,25.02,20.21,21.05,24.94,25.42,20.17,21.74,25.46,20.96,22.61,22.01,22.46,24.67,18.70,9.23,23.34,23.85,24.05,23.61,19.26,22.88,22.48,15.68,20.47,22.60,20.11,17.02,17.02,21.19,22.48,23.36,24.05,29.66,21.12,21.67,20.48,19.26,19.26,14.84,15.89,20.15,25.94,20.69,21.84,21.51,21.32,24.02,24.39,21.59,23.98,27.11,15.47,13.95,20.52,14.08,15.64,14.45,23.32,20.08,24.67,21.39,24.26,23.34,22.48,22.21,21.99,23.84,15.38,23.38,20.69,26.35,25.02,26.29,21.76,24.90,21.19,22.48,26.18,17.48,23.23,21.99,23.12,23.57,25.25,20.72,22.59,24.34,22.54,22.31,28.11,19.26,26.18,23.65,19.15,20.11,21.96,24.39,23.33
2.56,41,15.24,19.61,20.82,24.13,21.43,21.61,23.60,23.88,23.02,24.86,21.81,13.70,19.76,23.02,24.25,22.47,20.79,23.93,15.85,24.17,21.04,21.18,24.97,23.90,18.07,22.60,21.46,26.93,19.59,22.60,22.80,22.76,23.23,24.94,17.50,25.26,24.64,24.45,16.02,22.85,24.82,10.78,24.17,21.32,25.05,23.02,24.39,23.29,21.33,20.62,15.42,23.90,16.75,22.68,23.02,22.75,25.21,21.52,21.91,22.61,26.95,14.50,24.07,18.91,24.85,17.99,22.75,21.67,15.72,22.87,14.90,21.61,23.46,23.02,22.61,27.80,21.67,25.76,24.17,22.23,24.17,16.48,22.18,23.02,23.90,23.02,18.17,23.02,21.65,23.02,21.84,22.57,18.72,15.17,14.90,21.91,23.08,22.47,21.76,19.24,23.02,21.48,18.03,23.88,25.07,23.93,26.78,25.34,22.12,17.53,21.04,22.23,24.17,29.91,21.41,22.12,19.61,21.48,23.90,24.04,22.47,16.05,22.02,22.96,22.61,19.61,24.62,22.54,18.97,25.62,20.69,21.55,25.54,26.03,20.65,22.26,26.07,21.46,23.15,22.54,23.00,25.26,19.14,9.42,23.90,24.42,24.63,24.17,19.72,23.42,23.02,16.03,20.86,23.14,20.59,17.35,17.35,21.69,23.02,23.92,24.63,30.38,21.63,22.19,20.97,19.72,19.72,15.17,16.24,20.63,26.56,21.18,22.36,22.02,21.83,24.60,24.97,22.10,24.55,27.76,15.81,14.27,21.00,14.40,15.99,14.78,23.87,20.56,25.26,21.90,24.84,23.90,23.02,22.74,22.51,24.41,15.72,23.94,21.03,26.99,25.62,26.92,22.28,25.50,21.69,23.02,26.81,17.82,23.79,22.52,23.68,24.14,25.86,21.21,23.13,24.93,23.08,22.84,28.79,19.72,26.81,24.21,19.61,20.59,22.48,24.97,23.88
2.63,42,15.58,20.06,21.30,24.69,21.92,22.11,24.15,24.44,23.56,25.44,22.31,13.93,20.22,23.56,24.82,23.00,21.27,24.49,16.19,24.74,21.53,21.68,25.56,24.46,18.47,23.12,21.96,27.56,20.04,23.12,23.33,23.30,23.77,25.52,17.89,25.85,25.21,25.02,16.37,23.38,25.40,11.01,24.73,21.82,25.64,23.56,24.96,23.81,21.82,21.10,15.75,24.46,17.07,23.21,23.56,23.29,25.80,22.02,22.42,23.14,27.58,14.82,24.63,19.34,25.43,18.40,23.29,22.17,16.07,23.40,15.22,22.11,24.01,23.56,23.14,28.46,22.17,26.37,24.74,22.75,24.74,16.84,22.69,23.56,24.46,23.56,18.48,23.56,22.15,23.56,22.35,22.90,19.07,15.49,15.22,22.42,23.62,23.00,22.26,19.59,23.56,21.98,18.43,24.44,25.66,24.49,27.41,25.94,22.63,17.93,21.53,22.75,24.73,30.62,21.91,22.63,20.06,21.98,24.46,24.61,23.00,16.40,22.53,23.50,23.14,20.06,25.19,23.06,19.39,26.22,21.17,22.05,26.14,26.64,21.13,22.78,26.68,21.96,23.69,23.06,23.54,25.85,19.59,9.62,24.46,24.99,25.21,24.74,20.18,23.97,23.56,16.38,21.25,23.68,21.07,17.68,17.68,22.20,23.56,24.47,25.21,31.09,22.13,22.71,21.45,20.18,20.18,15.49,16.60,21.10,27.19,21.68,22.88,22.53,22.34,25.17,25.56,22.62,25.13,28.41,16.16,14.58,21.49,14.71,16.34,15.10,24.43,21.04,25.85,22.41,25.43,24.46,23.56,23.27,23.04,24.98,16.07,24.50,21.38,27.62,26.22,27.56,22.79,26.10,22.20,23.56,27.44,18.16,24.35,23.04,24.23,24.70,26.47,21.70,23.67,25.51,23.62,23.37,29.46,20.18,27.44,24.78,20.06,21.07,23.01,25.56,24.44
2.69,43,15.93,20.52,21.80,25.27,22.43,22.62,24.71,25.01,24.11,26.04,22.83,14.17,20.68,24.11,25.40,23.53,21.76,25.06,16.55,25.31,22.03,22.18,26.15,25.03,18.88,23.66,22.47,28.21,20.51,23.66,23.88,23.84,24.33,26.12,18.28,26.45,25.80,25.60,16.72,23.92,25.99,11.25,25.31,22.33,26.24,24.11,25.54,24.35,22.33,21.59,16.09,25.03,17.41,23.75,24.11,23.83,26.40,22.53,22.94,23.68,28.23,15.15,25.21,19.78,26.02,18.82,23.83,22.68,16.42,23.94,15.55,22.62,24.57,24.11,23.68,29.12,22.68,26.98,25.31,23.28,25.31,17.21,23.22,24.11,25.03,24.11,18.79,24.11,22.67,24.11,22.87,23.25,19.43,15.83,15.55,22.94,24.17,23.53,22.77,19.96,24.11,22.49,18.84,25.01,26.25,25.06,28.05,26.54,23.16,18.34,22.03,23.28,25.31,31.33,22.42,23.16,20.52,22.49,25.03,25.18,23.53,16.76,23.06,24.04,23.68,20.52,25.78,23.60,19.82,26.83,21.67,22.56,26.75,27.26,21.61,23.31,27.30,22.47,24.24,23.60,24.08,26.45,20.04,9.83,25.03,25.57,25.79,25.31,20.64,24.53,24.11,16.74,21.64,24.23,21.56,18.02,18.02,22.71,24.11,25.04,25.79,31.82,22.64,23.23,21.95,20.64,20.64,15.83,16.96,21.59,27.82,22.18,23.41,23.06,22.86,25.76,26.15,23.14,25.71,29.08,16.51,14.90,21.99,15.04,16.70,15.44,25.00,21.52,26.45,22.93,26.02,25.03,24.11,23.81,23.57,25.56,16.42,25.07,22.28,28.27,26.83,28.20,23.32,26.71,22.71,24.11,28.08,18.51,24.91,23.58,24.79,25.28,27.08,22.21,24.22,26.10,24.16,23.92,30.15,20.64,28.08,25.36,20.52,21.56,23.54,26.15,25.01
2.75,44,16.27,20.98,22.28,25.83,22.93,23.13,25.27,25.57,24.65,26.62,23.34,14.40,21.13,24.65,25.96,24.05,22.25,25.62,16.89,25.88,22.52,22.67,26.74,25.59,19.28,24.19,22.97,28.84,20.96,24.19,24.41,24.37,24.87,26.70,18.67,27.04,26.38,26.17,17.07,24.45,26.57,11.48,25.87,22.82,26.83,24.65,26.11,24.88,22.82,22.07,16.43,25.59,17.73,24.28,24.65,24.36,26.99,23.03,23.45,24.21,28.86,15.47,25.77,20.22,26.60,19.24,24.36,23.19,16.76,24.48,15.87,23.13,25.11,24.65,24.21,29.78,23.19,27.59,25.88,23.79,25.88,17.57,23.74,24.65,25.59,24.65,19.09,24.65,23.17,24.65,23.38,23.59,19.78,16.16,15.87,23.45,24.71,24.05,23.27,20.32,24.65,22.99,19.24,25.57,26.84,25.62,28.68,27.13,23.67,18.74,22.52,23.79,25.87,32.04,22.91,23.67,20.98,22.99,25.59,25.74,24.05,17.11,23.57,24.58,24.21,20.98,26.36,24.12,20.25,27.43,22.15,23.06,27.35,27.87,22.09,23.83,27.92,22.97,24.79,24.12,24.62,27.04,20.48,10.03,25.59,26.14,26.37,25.88,21.10,25.07,24.65,17.09,22.03,24.77,22.03,18.35,18.35,23.22,24.65,25.60,26.37,32.54,23.15,23.75,22.44,21.10,21.10,16.16,17.32,22.07,28.44,22.67,23.93,23.57,23.37,26.34,26.74,23.66,26.28,29.73,16.86,15.21,22.48,15.35,17.05,15.76,25.56,22.00,27.04,23.44,26.60,25.59,24.65,24.34,24.10,26.13,16.76,25.62,22.62,28.90,27.43,28.83,23.84,27.31,23.22,24.65,28.71,18.85,25.47,24.10,25.35,25.84,27.69,22.70,24.76,26.69,24.70,24.45,30.83,21.10,28.71,25.92,20.98,22.03,24.06,26.74,25.57
2.81,45,16.62,21.44,22.77,26.40,23.44,23.64,25.83,26.14,25.20,27.21,23.86,14.64,21.60,25.20,26.54,24.59,22.74,26.19,17.25,26.45,23.02,23.17,27.33,26.16,19.69,24.72,23.48,29.48,21.43,24.72,24.95,24.91,25.43,27.29,19.07,27.64,26.96,26.76,17.43,25.00,27.16,11.73,26.45,23.33,27.42,25.20,26.69,25.42,23.33,22.55,16.77,26.16,18.06,24.82,25.20,24.90,27.60,23.55,23.97,24.74,29.50,15.80,26.34,20.66,27.19,19.66,24.90,23.70,17.11,25.02,16.21,23.64,25.67,25.20,24.74,30.44,23.70,28.20,26.45,24.32,26.45,17.94,24.26,25.20,26.16,25.20,19.41,25.20,23.68,25.20,23.89,23.93,20.14,16.50,16.21,23.97,25.26,24.59,23.78,20.69,25.20,23.50,19.64,26.14,27.44,26.19,29.32,27.74,24.20,19.16,23.02,24.32,26.45,32.76,23.42,24.20,21.44,23.50,26.16,26.31,24.59,17.47,24.09,25.13,24.74,21.44,26.94,24.66,20.68,28.04,22.64,23.58,27.95,28.49,22.58,24.35,28.54,23.48,25.34,24.66,25.17,27.64,20.93,10.23,26.16,26.73,26.96,26.45,21.57,25.63,25.20,17.45,22.43,25.32,22.52,18.68,18.68,23.73,25.20,26.17,26.96,33.26,23.66,24.28,22.93,21.57,21.57,16.50,17.68,22.56,29.08,23.17,24.46,24.09,23.89,26.92,27.33,24.18,26.87,30.39,17.21,15.53,22.98,15.68,17.41,16.10,26.13,22.49,27.64,23.96,27.19,26.16,25.20,24.88,24.63,26.71,17.11,26.19,22.98,29.54,28.04,29.47,24.37,27.91,23.73,25.20,29.35,19.21,26.03,24.64,25.91,26.42,28.31,23.20,25.31,27.28,25.25,24.99,31.52,21.57,29.35,26.50,21.44,22.52,24.60,27.33,26.14
2.88,46,16.96,21.90,23.26,26.97,23.94,24.14,26.38,26.70,25.74,27.79,24.36,14.87,22.05,25.74,27.11,25.11,23.22,26.75,17.59,27.02,23.51,23.67,27.92,26.72,20.08,25.25,23.98,30.11,21.88,25.25,25.48,25.44,25.97,27.88,19.46,28.24,27.54,27.33,17.78,25.53,27.74,11.96,27.01,23.82,28.01,25.74,27.27,25.95,23.82,23.03,17.11,26.72,18.39,25.34,25.74,25.43,28.19,24.05,24.48,25.27,30.14,16.12,26.91,21.09,27.78,20.08,25.43,24.21,17.46,25.55,16.53,24.14,26.22,25.74,25.27,31.09,24.21,28.81,27.02,24.84,27.02,18.30,24.78,25.74,26.72,25.74,19.71,25.74,24.19,25.74,24.40,24.27,20.49,16.83,16.53,24.48,25.80,25.11,24.29,21.05,25.74,24.00,20.04,26.70,28.03,26.75,29.95,28.33,24.71,19.56,23.51,24.84,27.01,33.46,23.92,24.71,21.90,24.00,26.72,26.87,25.11,17.82,24.60,25.66,25.27,21.90,27.52,25.19,21.10,28.64,23.12,24.08,28.55,29.10,23.06,24.87,29.15,23.98,25.88,25.19,25.70,28.24,21.38,10.43,26.72,27.30,27.53,27.02,22.02,26.18,25.74,17.80,22.82,25.86,23.00,19.01,19.01,24.24,25.74,26.73,27.53,33.98,24.16,24.80,23.42,22.02,22.02,16.83,18.04,23.04,29.70,23.67,24.98,24.60,24.39,27.50,27.92,24.70,27.44,31.04,17.55,15.85,23.47,15.99,17.76,16.42,26.68,22.97,28.24,24.47,27.77,26.72,25.74,25.41,25.16,27.29,17.46,26.75,23.87,30.18,28.64,30.11,24.89,28.51,24.24,25.74,29.98,19.55,26.59,25.16,26.46,26.98,28.91,23.70,25.85,27.86,25.79,25.52,32.19,22.02,29.98,27.06,21.90,23.00,25.12,27.92,26.70
2.94,47,17.32,22.36,23.75,27.54,24.45,24.65,26.94,27.26,26.28,28.38,24.88,15.11,22.51,26.28,27.68,25.65,23.72,27.32,17.95,27.60,24.01,24.17,28.51,27.28,20.49,25.79,24.49,30.76,22.35,25.79,26.02,25.98,26.52,28.47,19.85,28.84,28.13,27.91,18.14,26.07,28.33,12.20,27.59,24.33,28.61,26.28,27.85,26.48,24.33,23.52,17.45,27.28,18.72,25.88,26.28,25.97,28.79,24.56,25.00,25.81,30.78,16.44,27.48,21.53,28.37,20.50,25.97,24.72,17.81,26.10,16.86,24.65,26.78,26.28,25.81,31.76,24.72,29.42,27.60,25.37,27.60,18.67,25.31,26.28,27.28,26.28,20.03,26.28,24.70,26.28,24.92,24.62,20.85,17.17,16.86,25.00,26.35,25.65,24.80,21.42,26.28,24.51,20.45,27.26,28.62,27.32,30.58,28.93,25.24,19.97,24.01,25.37,27.59,34.18,24.43,25.24,22.36,24.51,27.28,27.45,25.64,18.18,25.13,26.21,25.81,22.36,28.10,25.72,21.53,29.25,23.61,24.59,29.16,29.72,23.55,25.40,29.77,24.48,26.43,25.72,26.25,28.84,21.83,10.64,27.28,27.88,28.12,27.60,22.49,26.73,26.28,18.16,23.22,26.41,23.49,19.35,19.35,24.75,26.28,27.30,28.12,34.71,24.68,25.32,23.92,22.49,22.49,17.17,18.40,23.53,30.33,24.17,25.51,25.13,24.91,28.08,28.51,25.22,28.03,31.71,17.91,16.17,23.96,16.32,18.12,16.75,27.25,23.45,28.84,24.99,28.36,27.28,26.28,25.95,25.69,27.87,17.81,27.32,24.23,30.82,29.25,30.75,25.42,29.12,24.75,26.28,30.62,19.90,27.15,25.70,27.03,27.55,29.53,24.20,26.40,28.46,26.34,26.07,32.88,22.49,30.62,27.64,22.36,23.49,25.66,28.51,27.26
3.00,48,17.66,22.81,24.23,28.11,24.94,25.16,27.49,27.82,26.82,28.97,25.39,15.34,22.97,26.82,28.25,26.17,24.20,27.88,18.29,28.16,24.50,24.66,29.10,27.84,20.89,26.31,24.99,31.39,22.80,26.31,26.55,26.51,27.07,29.06,20.24,29.43,28.70,28.48,18.49,26.61,28.92,12.43,28.15,24.83,29.19,26.82,28.42,27.01,24.83,24.00,17.79,27.84,19.05,26.41,26.82,26.50,29.38,25.06,25.51,26.33,31.41,16.76,28.04,21.97,28.95,20.92,26.50,25.23,18.15,26.63,17.18,25.16,27.33,26.82,26.33,32.41,25.23,30.02,28.16,25.89,28.16,19.03,25.82,26.82,27.84,26.82,20.33,26.82,25.20,26.82,25.43,24.95,21.20,17.50,17.18,25.51,26.88,26.17,25.30,21.78,26.82,25.01,20.85,27.82,29.21,27.88,31.21,29.53,25.75,20.38,24.50,25.89,28.15,34.88,24.92,25.75,22.81,25.01,27.84,28.01,26.17,18.53,25.64,26.74,26.33,22.81,28.68,26.25,21.95,29.85,24.09,25.09,29.76,30.33,24.03,25.92,30.38,24.98,26.97,26.25,26.79,29.43,22.27,10.84,27.84,28.45,28.70,28.16,22.95,27.28,26.82,18.50,23.61,26.95,23.97,19.68,19.68,25.26,26.82,27.86,28.70,35.42,25.18,25.84,24.41,22.95,22.95,17.50,18.76,24.01,30.96,24.66,26.03,25.64,25.42,28.66,29.10,25.74,28.60,32.36,18.25,16.48,24.45,16.64,18.47,17.08,27.81,23.93,29.43,25.50,28.95,27.84,26.82,26.48,26.22,28.44,18.15,27.88,24.57,31.46,29.85,31.38,25.94,29.72,25.26,26.82,31.25,20.24,27.71,26.22,27.58,28.12,30.13,24.69,26.94,29.04,26.88,26.60,33.56,22.95,31.25,28.21,22.81,23.97,26.18,29.10,27.82
3.06,49,18.00,23.27,24.72,28.67,25.44,25.66,28.04,28.38,27.36,29.55,25.90,15.57,23.42,27.36,28.82,26.69,24.68,28.44,18.64,28.73,24.98,25.15,29.68,28.40,21.29,26.84,25.49,32.02,23.26,26.84,27.09,27.04,27.61,29.64,20.63,30.02,29.28,29.05,18.84,27.14,29.50,12.67,28.72,25.32,29.78,27.36,28.99,27.54,25.32,24.48,18.12,28.40,19.37,26.94,27.36,27.03,29.97,25.56,26.02,26.86,32.04,17.08,28.60,22.40,29.53,21.33,27.03,25.73,18.49,27.16,17.51,25.66,27.87,27.36,26.86,33.07,25.73,30.63,28.73,26.40,28.73,19.39,26.34,27.36,28.40,27.36,20.64,27.36,25.71,27.36,25.94,25.29,21.55,17.82,17.51,26.02,27.42,26.69,25.80,22.13,27.36,25.51,21.25,28.38,29.80,28.44,31.84,30.12,26.27,20.78,24.98,26.40,28.72,35.59,25.42,26.27,23.27,25.51,28.40,28.57,26.69,18.88,26.15,27.28,26.86,23.27,29.26,26.77,22.37,30.45,24.57,25.59,30.36,30.94,24.51,26.44,30.99,25.48,27.51,26.77,27.32,30.02,22.71,11.03,28.40,29.02,29.27,28.73,23.40,27.83,27.36,18.85,23.99,27.49,24.44,20.01,20.01,25.76,27.36,28.42,29.27,36.14,25.68,26.36,24.89,23.40,23.40,17.82,19.11,24.49,31.58,25.15,26.55,26.15,25.93,29.23,29.68,26.25,29.18,33.01,18.60,16.79,24.94,16.95,18.81,17.40,28.37,24.41,30.02,26.01,29.53,28.40,27.36,27.01,26.74,29.01,18.49,28.44,24.92,32.09,30.45,32.01,26.46,30.31,25.76,27.36,31.88,20.58,28.27,26.75,28.13,28.68,30.74,25.19,27.48,29.63,27.42,27.13,34.24,23.40,31.88,28.77,23.27,24.44,26.70,29.68,28.38
3.13,50,18.35,23.73,25.21,29.25,25.95,26.17,28.60,28.95,27.91,30.14,26.42,15.81,23.88,27.91,29.40,27.23,25.17,29.00,18.99,29.30,25.48,25.66,30.28,28.97,21.70,27.38,26.00,32.66,23.72,27.38,27.63,27.58,28.17,30.23,21.02,30.62,29.87,29.64,19.20,27.68,30.09,12.91,29.29,25.83,30.38,27.91,29.57,28.08,25.83,24.97,18.47,28.97,19.70,27.48,27.91,27.57,30.57,26.07,26.54,27.40,32.69,17.41,29.18,22.84,30.12,21.75,27.57,26.24,18.85,27.71,17.84,26.17,28.43,27.91,27.40,33.73,26.24,31.24,29.30,26.93,29.30,19.76,26.87,27.91,28.97,27.91,20.95,27.91,26.22,27.91,26.46,25.63,21.91,18.16,17.84,26.54,27.97,27.23,26.31,22.50,27.91,26.02,21.66,28.95,30.39,29.00,32.48,30.73,26.79,21.19,25.48,26.93,29.29,36.30,25.93,26.79,23.73,26.02,28.97,29.14,27.23,19.24,26.68,27.82,27.40,23.73,29.84,27.31,22.80,31.06,25.06,26.10,30.97,31.56,25.00,26.97,31.62,25.99,28.06,27.31,27.87,30.62,23.17,11.24,28.97,29.60,29.86,29.30,23.87,28.39,27.91,19.21,24.39,28.04,24.93,20.34,20.34,26.27,27.91,28.99,29.86,36.87,26.19,26.88,25.39,23.87,23.87,18.16,19.48,24.98,32.21,25.66,27.09,26.68,26.45,29.82,30.28,26.78,29.76,33.68,18.95,17.11,25.44,17.28,19.17,17.74,28.94,24.89,30.62,26.53,30.12,28.97,27.91,27.55,27.28,29.59,18.85,29.01,25.82,32.73,31.06,32.66,26.99,30.92,26.27,27.91,32.52,20.94,28.83,27.28,28.70,29.26,31.36,25.69,28.03,30.22,27.97,27.67,34.93,23.87,32.52,29.35,23.73,24.93,27.24,30.28,28.95
3.19,51,18.69,24.19,25.69,29.81,26.45,26.67,29.16,29.51,28.45,30.72,26.92,16.04,24.34,28.45,29.96,27.75,25.66,29.56,19.33,29.87,25.97,26.15,30.86,29.53,22.10,27.90,26.50,33.30,24.18,27.90,28.16,28.11,28.71,30.82,21.41,31.21,30.44,30.21,19.55,28.21,30.67,13.14,29.86,26.32,30.96,28.45,30.14,28.61,26.32,25.45,18.80,29.53,20.03,28.01,28.45,28.10,31.16,26.57,27.05,27.93,33.32,17.73,29.74,23.27,30.70,22.17,28.10,26.75,19.19,28.24,18.16,26.67,28.98,28.45,27.93,34.38,26.75,31.85,29.87,27.45,29.87,20.12,27.38,28.45,29.53,28.45,21.25,28.45,26.73,28.45,26.97,25.97,22.26,18.49,18.16,27.05,28.51,27.75,26.81,22.86,28.45,26.52,22.06,29.51,30.98,29.56,33.11,31.32,27.31,21.60,25.97,27.45,29.86,37.01,26.43,27.31,24.19,26.52,29.53,29.70,27.75,19.59,27.19,28.36,27.93,24.19,30.42,27.83,23.22,31.66,25.54,26.60,31.57,32.17,25.48,27.49,32.23,26.49,28.60,27.83,28.41,31.21,23.61,11.44,29.53,30.17,30.43,29.87,24.33,28.93,28.45,19.56,24.78,28.58,25.41,20.67,20.67,26.78,28.45,29.55,30.43,37.58,26.70,27.40,25.88,24.33,24.33,18.49,19.83,25.45,32.84,26.15,27.61,27.19,26.96,30.40,30.86,27.29,30.34,34.33,19.30,17.43,25.93,17.59,19.52,18.06,29.49,25.37,31.21,27.04,30.70,29.53,28.45,28.08,27.80,30.16,19.19,29.57,26.16,33.37,31.66,33.29,27.51,31.52,26.78,28.45,33.15,21.28,29.39,27.81,29.25,29.82,31.96,26.18,28.57,30.80,28.50,28.21,35.60,24.33,33.15,29.92,24.19,25.41,27.76,30.86,29.51
3.25,52,19.04,24.65,26.19,30.38,26.96,27.19,29.72,30.07,29.00,31.32,27.44,16.28,24.80,29.00,30.54,28.28,26.15,30.13,19.69,30.44,26.47,26.65,31.46,30.10,22.51,28.44,27.01,33.94,24.65,28.44,28.70,28.65,29.26,31.41,21.81,31.82,31.03,30.79,19.90,28.76,31.26,13.38,30.43,26.83,31.56,29.00,30.72,29.15,26.83,25.93,19.15,30.10,20.36,28.55,29.00,28.64,31.76,27.08,27.57,28.46,33.96,18.06,30.31,23.72,31.30,22.59,28.64,27.26,19.54,28.78,18.49,27.19,29.54,29.00,28.46,35.05,27.26,32.46,30.44,27.98,30.44,20.49,27.91,29.00,30.10,29.00,21.57,29.00,27.24,29.00,27.48,26.32,22.62,18.83,18.49,27.57,29.06,28.28,27.32,23.23,29.00,27.03,22.46,30.07,31.58,30.13,33.75,31.92,27.83,22.01,26.47,27.98,30.43,37.72,26.94,27.83,24.65,27.03,30.10,30.28,28.28,19.95,27.71,28.91,28.46,24.65,31.01,28.37,23.66,32.27,26.03,27.12,32.17,32.80,25.97,28.01,32.85,27.00,29.15,28.37,28.95,31.82,24.06,11.65,30.10,30.76,31.02,30.44,24.79,29.49,29.00,19.92,25.18,29.13,25.90,21.01,21.01,27.29,29.00,30.12,31.02,38.31,27.21,27.93,26.37,24.79,24.79,18.83,20.20,25.94,33.47,26.65,28.14,27.71,27.47,30.98,31.46,27.82,30.92,34.99,19.65,17.75,26.42,17.92,19.88,18.39,30.06,25.86,31.82,27.56,31.29,30.10,29.00,28.62,28.34,30.74,19.54,30.14,26.52,34.01,32.27,33.93,28.03,32.13,27.29,29.00,33.79,21.63,29.95,28.34,29.81,30.40,32.58,26.69,29.12,31.40,29.05,28.75,36.29,24.79,33.79,30.49,24.65,25.90,28.30,31.46,30.07
3.31,53,19.38,25.10,26.67,30.95,27.46,27.69,30.27,30.63,29.54,31.90,27.95,16.51,25.26,29.54,31.11,28.81,26.63,30.69,20.03,31.01,26.96,27.14,32.04,30.66,22.91,28.97,27.51,34.57,25.10,28.97,29.23,29.19,29.81,32.00,22.19,32.41,31.61,31.36,20.25,29.29,31.84,13.62,31.00,27.33,32.15,29.54,31.29,29.67,27.33,26.41,19.48,30.66,20.68,29.08,29.54,29.17,32.35,27.58,28.08,28.99,34.60,18.38,30.88,24.15,31.88,23.01,29.17,27.77,19.88,29.32,18.82,27.69,30.09,29.54,28.99,35.70,27.77,33.06,31.01,28.50,31.01,20.85,28.43,29.54,30.66,29.54,21.87,29.54,27.74,29.54,27.99,26.65,22.97,19.16,18.82,28.08,29.60,28.81,27.82,23.59,29.54,27.53,22.86,30.63,32.17,30.69,34.38,32.52,28.35,22.41,26.96,28.50,31.00,38.43,27.43,28.35,25.10,27.53,30.66,30.84,28.81,20.30,28.22,29.44,28.99,25.10,31.58,28.89,24.08,32.87,26.51,27.62,32.77,33.41,26.45,28.53,33.46,27.50,29.69,28.89,29.49,32.41,24.50,11.84,30.66,31.33,31.60,31.01,25.25,30.04,29.54,20.27,25.57,29.67,26.38,21.34,21.34,27.80,29.54,30.67,31.60,39.02,27.71,28.44,26.86,25.25,25.25,19.16,20.55,26.42,34.10,27.14,28.66,28.22,27.98,31.56,32.04,28.33,31.50,35.64,20.00,18.06,26.91,18.23,20.23,18.72,30.62,26.34,32.41,28.07,31.87,30.66,29.54,29.15,28.86,31.31,19.88,30.70,26.87,34.65,32.87,34.56,28.55,32.73,27.80,29.54,34.41,21.97,30.51,28.87,30.36,30.96,33.19,27.18,29.66,31.98,29.59,29.28,36.97,25.25,34.41,31.06,25.10,26.38,28.82,32.04,30.63
3.38,54,19.73,25.57,27.17,31.52,27.96,28.20,30.83,31.20,30.09,32.49,28.47,16.75,25.72,30.09,31.68,29.34,27.12,31.26,20.39,31.58,27.46,27.65,32.64,31.23,23.32,29.50,28.02,35.21,25.57,29.50,29.78,29.73,30.36,32.59,22.59,33.01,32.19,31.94,20.61,29.83,32.43,13.86,31.57,27.83,32.74,30.09,31.87,30.21,27.83,26.90,19.82,31.23,21.02,29.62,30.09,29.71,32.95,28.09,28.60,29.53,35.24,18.70,31.45,24.59,32.47,23.43,29.71,28.28,20.23,29.86,19.15,28.20,30.64,30.09,29.53,36.37,28.28,33.68,31.58,29.02,31.58,21.22,28.95,30.09,31.23,30.09,22.19,30.09,28.26,30.09,28.51,27.00,23.33,19.50,19.15,28.60,30.15,29.34,28.33,23.96,30.09,28.04,23.27,31.20,32.76,31.26,35.02,33.12,28.87,22.83,27.46,29.02,31.57,39.14,27.94,28.87,25.57,28.04,31.23,31.41,29.34,20.66,28.75,29.99,29.53,25.57,32.17,29.43,24.51,33.48,27.00,28.13,33.38,34.03,26.94,29.06,34.08,28.01,30.24,29.43,30.04,33.01,24.96,12.05,31.23,31.91,32.18,31.58,25.72,30.59,30.09,20.63,25.96,30.22,26.86,21.67,21.67,28.31,30.09,31.24,32.18,39.75,28.23,28.97,27.36,25.72,25.72,19.50,20.92,26.91,34.73,27.65,29.19,28.75,28.50,32.14,32.64,28.86,32.08,36.31,20.35,18.38,27.41,18.56,20.59,19.05,31.19,26.82,33.01,28.59,32.47,31.23,30.09,29.69,29.40,31.89,20.23,31.27,27.77,35.29,33.48,35.21,29.08,33.33,28.31,30.09,35.05,22.32,31.08,29.40,30.93,31.54,33.80,27.68,30.21,32.57,30.14,29.83,37.66,25.72,35.05,31.63,25.57,26.86,29.36,32.64,31.20
3.44,55,20.07,26.02,27.65,32.09,28.46,28.71,31.38,31.76,30.62,33.07,28.97,16.98,26.17,30.62,32.25,29.87,27.61,31.82,20.73,32.15,27.95,28.14,33.22,31.78,23.72,30.03,28.51,35.85,26.02,30.03,30.31,30.26,30.90,33.17,22.98,33.60,32.77,32.52,20.96,30.37,33.01,14.09,32.14,28.33,33.33,30.62,32.44,30.74,28.33,27.38,20.16,31.78,21.34,30.14,30.62,30.25,33.54,28.59,29.11,30.06,35.87,19.02,32.01,25.02,33.05,23.85,30.25,28.78,20.58,30.39,19.47,28.71,31.19,30.62,30.06,37.02,28.78,34.28,32.15,29.54,32.15,21.59,29.47,30.62,31.78,30.62,22.49,30.62,28.76,30.62,29.02,27.34,23.68,19.83,19.47,29.11,30.68,29.87,28.83,24.31,30.62,28.54,23.67,31.76,33.35,31.82,35.65,33.72,29.39,23.23,27.95,29.54,32.14,39.85,28.44,29.39,26.02,28.54,31.78,31.97,29.87,21.01,29.26,30.52,30.06,26.02,32.74,29.95,24.93,34.09,27.48,28.63,33.98,34.64,27.42,29.58,34.69,28.51,30.78,29.95,30.57,33.60,25.40,12.25,31.78,32.48,32.76,32.15,26.17,31.14,30.62,20.98,26.35,30.76,27.34,22.00,22.00,28.82,30.62,31.80,32.76,40.47,28.73,29.49,27.85,26.17,26.17,19.83,21.27,27.39,35.35,28.14,29.71,29.26,29.01,32.72,33.22,29.37,32.65,36.96,20.69,18.69,27.90,18.88,20.94,19.38,31.75,27.30,33.60,29.10,33.05,31.78,30.62,30.22,29.92,32.47,20.58,31.83,28.11,35.92,34.09,35.84,29.60,33.93,28.82,30.62,35.68,22.67,31.63,29.93,31.48,32.10,34.41,28.17,30.75,33.16,30.68,30.36,38.33,26.17,35.68,32.20,26.02,27.34,29.88,33.22,31.76
3.50,56,20.41,26.47,28.13,32.65,28.96,29.21,31.93,32.32,31.16,33.65,29.48,17.22,26.63,31.16,32.82,30.39,28.09,32.38,21.08,32.71,28.44,28.63,33.81,32.34,24.12,30.56,29.01,36.48,26.48,30.56,30.84,30.79,31.45,33.76,23.36,34.19,33.35,33.09,21.31,30.90,33.59,14.32,32.70,28.82,33.92,31.16,33.01,31.27,28.82,27.86,20.49,32.34,21.67,30.67,31.16,30.78,34.13,29.09,29.62,30.58,36.51,19.34,32.57,25.46,33.63,24.26,30.78,29.29,20.92,30.93,19.79,29.21,31.74,31.16,30.58,37.67,29.29,34.89,32.71,30.06,32.71,21.95,29.99,31.16,32.34,31.16,22.79,31.16,29.26,31.16,29.53,27.67,24.03,20.15,19.79,29.62,31.22,30.39,29.33,24.67,31.16,29.04,24.07,32.32,33.94,32.38,36.28,34.31,29.90,23.63,28.44,30.06,32.70,40.55,28.94,29.90,26.47,29.04,32.34,32.54,30.39,21.36,29.77,31.06,30.58,26.47,33.32,30.48,25.35,34.69,27.96,29.13,34.58,35.25,27.90,30.10,35.31,29.01,31.32,30.48,31.11,34.19,25.84,12.45,32.34,33.05,33.34,32.71,26.63,31.69,31.16,21.33,26.74,31.30,27.82,22.33,22.33,29.32,31.16,32.36,33.34,41.18,29.23,30.00,28.33,26.63,26.63,20.15,21.63,27.87,35.98,28.63,30.23,29.77,29.52,33.29,33.81,29.89,33.23,37.61,21.04,19.01,28.39,19.19,21.29,19.70,32.30,27.78,34.19,29.61,33.63,32.34,31.16,30.75,30.45,33.04,20.92,32.39,28.46,36.56,34.69,36.47,30.12,34.53,29.32,31.16,36.31,23.01,32.19,30.45,32.03,32.66,35.02,28.67,31.29,33.74,31.22,30.89,39.01,26.63,36.31,32.77,26.47,27.82,30.40,33.81,32.32
3.56,57,20.76,26.94,28.63,33.23,29.47,29.72,32.49,32.89,31.71,34.25,30.00,17.46,27.09,31.71,33.40,30.92,28.58,32.95,21.43,33.29,28.94,29.13,34.40,32.91,24.53,31.09,29.52,37.12,26.94,31.09,31.38,31.33,32.00,34.35,23.76,34.80,33.93,33.67,21.67,31.44,34.19,14.57,33.28,29.33,34.51,31.71,33.59,31.81,29.33,28.35,20.84,32.91,22.00,31.21,31.71,31.32,34.73,29.60,30.14,31.12,37.15,19.67,33.15,25.90,34.22,24.69,31.32,29.80,21.27,31.47,20.13,29.72,32.30,31.71,31.12,38.34,29.80,35.50,33.29,30.59,33.29,22.32,30.51,31.71,32.91,31.71,23.11,31.71,29.78,31.71,30.05,28.02,24.39,20.49,20.13,30.14,31.77,30.92,29.85,25.04,31.71,29.55,24.48,32.89,34.53,32.95,36.91,34.91,30.43,24.05,28.94,30.59,33.28,41.27,29.45,30.43,26.94,29.55,32.91,33.11,30.92,21.72,30.30,31.60,31.12,26.94,33.91,31.02,25.78,35.30,28.45,29.64,35.19,35.87,28.38,30.63,35.93,29.52,31.87,31.02,31.66,34.80,26.29,12.66,32.91,33.63,33.92,33.29,27.10,32.24,31.71,21.69,27.14,31.85,28.31,22.67,22.67,29.84,31.71,32.93,33.92,41.91,29.75,30.53,28.83,27.10,27.10,20.49,21.99,28.36,36.61,29.13,30.76,30.30,30.03,33.88,34.40,30.41,33.81,38.28,21.39,19.33,28.88,19.52,21.65,20.03,32.87,28.26,34.80,30.13,34.22,32.91,31.71,31.29,30.98,33.62,21.27,32.96,29.36,37.20,35.30,37.11,30.65,35.14,29.84,31.71,36.95,23.36,32.75,30.99,32.60,33.24,35.63,29.17,31.84,34.34,31.77,31.43,39.70,27.10,36.95,33.34,26.94,28.31,30.94,34.40,32.89
3.63,58,21.10,27.39,29.11,33.79,29.97,30.22,33.05,33.44,32.25,34.83,30.51,17.69,27.54,32.25,33.96,31.45,29.07,33.51,21.78,33.85,29.43,29.62,34.99,33.47,24.93,31.62,30.02,37.75,27.40,31.62,31.91,31.86,32.55,34.94,24.15,35.39,34.51,34.24,22.02,31.98,34.77,14.80,33.84,29.82,35.10,32.25,34.16,32.33,29.82,28.83,21.17,33.47,22.32,31.74,32.25,31.85,35.32,30.10,30.65,31.65,37.78,19.99,33.71,26.33,34.81,25.10,31.85,30.31,21.61,32.00,20.45,30.22,32.85,32.25,31.65,38.99,30.31,36.11,33.85,31.11,33.85,22.68,31.03,32.25,33.47,32.25,23.41,32.25,30.28,32.25,30.55,28.36,24.74,20.82,20.45,30.65,32.31,31.45,30.35,25.40,32.25,30.05,24.87,33.44,35.12,33.51,37.54,35.51,30.94,24.45,29.43,31.11,33.84,41.97,29.94,30.94,27.39,30.05,33.47,33.67,31.45,22.07,30.81,32.14,31.65,27.39,34.48,31.54,26.20,35.90,28.93,30.14,35.79,36.48,28.86,31.15,36.54,30.01,32.41,31.54,32.19,35.39,26.74,12.85,33.47,34.20,34.50,33.85,27.55,32.79,32.25,22.04,27.53,32.39,28.79,23.00,23.00,30.34,32.25,33.49,34.50,42.63,30.25,31.05,29.32,27.55,27.55,20.82,22.35,28.84,37.23,29.62,31.28,30.81,30.54,34.46,34.99,30.93,34.39,38.93,21.74,19.64,29.37,19.83,21.99,20.36,33.43,28.74,35.39,30.64,34.80,33.47,32.25,31.82,31.51,34.19,21.61,33.52,29.70,37.84,35.90,37.75,31.17,35.73,30.34,32.25,37.58,23.70,33.31,31.51,33.15,33.80,36.24,29.66,32.38,34.92,32.30,31.97,40.38,27.55,37.58,33.91,27.39,28.79,31.46,34.99,33.44
3.69,59,21.46,27.86,29.60,34.36,30.48,30.74,33.61,34.01,32.80,35.42,31.02,17.93,28.01,32.80,34.54,31.98,29.56,34.08,22.13,34.43,29.92,30.13,35.58,34.04,25.34,32.16,30.53,38.40,27.86,32.16,32.45,32.40,33.10,35.53,24.55,35.99,35.09,34.83,22.38,32.52,35.36,15.04,34.42,30.33,35.70,32.80,34.74,32.87,30.33,29.32,21.52,34.04,22.66,32.28,32.80,32.39,35.92,30.61,31.17,32.18,38.43,20.32,34.28,26.77,35.40,25.52,32.39,30.82,21.97,32.55,20.78,30.74,33.40,32.80,32.18,39.66,30.82,36.72,34.43,31.63,34.43,23.05,31.56,32.80,34.04,32.80,23.73,32.80,30.80,32.80,31.07,28.70,25.10,21.16,20.78,31.17,32.86,31.98,30.86,25.77,32.80,30.56,25.28,34.01,35.72,34.08,38.18,36.11,31.47,24.86,29.92,31.63,34.42,42.69,30.45,31.47,27.86,30.56,34.04,34.24,31.98,22.43,31.33,32.69,32.18,27.86,35.07,32.08,26.64,36.51,29.42,30.66,36.39,37.10,29.35,31.67,37.16,30.52,32.96,32.08,32.74,35.99,27.19,13.06,34.04,34.78,35.09,34.43,28.02,33.35,32.80,22.40,27.93,32.94,29.27,23.33,23.33,30.86,32.80,34.06,35.09,43.35,30.76,31.58,29.81,28.02,28.02,21.16,22.71,29.32,37.87,30.13,31.81,31.33,31.06,35.04,35.58,31.45,34.97,39.59,22.09,19.96,29.87,20.16,22.35,20.69,34.00,29.23,35.99,31.16,35.39,34.04,32.80,32.36,32.04,34.77,21.97,34.09,30.06,38.48,36.51,38.39,31.70,36.34,30.86,32.80,38.22,24.05,33.88,32.05,33.71,34.38,36.86,30.17,32.93,35.51,32.85,32.51,41.07,28.02,38.22,34.49,27.86,29.27,32.00,35.58,34.01
3.75,60,21.80,28.31,30.09,34.93,30.97,31.24,34.16,34.57,33.34,36.00,31.53,18.16,28.46,33.34,35.11,32.51,30.04,34.64,22.48,34.99,30.41,30.62,36.17,34.60,25.74,32.69,31.03,39.03,28.32,32.69,32.99,32.93,33.64,36.11,24.93,36.58,35.67,35.40,22.73,33.05,35.94,15.27,34.98,30.83,36.28,33.34,35.31,33.40,30.83,29.79,21.85,34.60,22.98,32.81,33.34,32.92,36.52,31.12,31.68,32.71,39.06,20.63,34.85,27.21,35.98,25.94,32.92,31.33,22.31,33.08,21.10,31.24,33.95,33.34,32.71,40.31,31.33,37.32,34.99,32.15,34.99,23.41,32.07,33.34,34.60,33.34,24.03,33.34,31.30,33.34,31.58,29.04,25.45,21.49,21.10,31.68,33.40,32.51,31.36,26.13,33.34,31.06,25.68,34.57,36.31,34.64,38.81,36.70,31.98,25.27,30.41,32.15,34.98,43.40,30.95,31.98,28.31,31.06,34.60,34.80,32.50,22.78,31.84,33.22,32.71,28.31,35.64,32.60,27.06,37.11,29.90,31.16,36.99,37.71,29.83,32.19,37.77,31.02,33.50,32.60,33.28,36.58,27.63,13.26,34.60,35.36,35.66,34.99,28.48,33.90,33.34,22.75,28.31,33.48,29.75,23.66,23.66,31.36,33.34,34.62,35.66,44.07,31.27,32.09,30.30,28.48,28.48,21.49,23.07,29.80,38.49,30.62,32.34,31.84,31.57,35.62,36.17,31.97,35.55,40.24,22.44,20.27,30.36,20.47,22.70,21.02,34.56,29.71,36.58,31.66,35.98,34.60,33.34,32.89,32.56,35.34,22.31,34.65,30.41,39.11,37.11,39.02,32.22,36.94,31.36,33.34,38.85,24.40,34.43,32.57,34.27,34.94,37.46,30.66,33.47,36.10,33.39,33.04,41.74,28.48,38.85,35.05,28.31,29.75,32.52,36.17,34.57
3.81,61,22.15,28.77,30.58,35.50,31.48,31.75,34.72,35.14,33.89,36.59,32.05,18.40,28.92,33.89,35.69,33.04,30.53,35.21,22.83,35.57,30.91,31.12,36.76,35.17,26.15,33.22,31.54,39.67,28.78,33.22,33.53,33.47,34.20,36.71,25.33,37.18,36.26,35.98,23.08,33.59,36.53,15.52,35.56,31.33,36.88,33.89,35.90,33.94,31.33,30.28,22.20,35.17,23.31,33.35,33.89,33.46,37.12,31.63,32.20,33.25,39.70,20.96,35.42,27.65,36.57,26.36,33.46,31.84,22.66,33.63,21.44,31.75,34.51,33.89,33.25,40.97,31.84,37.94,35.57,32.68,35.57,23.78,32.60,33.89,35.17,33.89,24.34,33.89,31.81,33.89,32.10,29.39,25.81,21.83,21.44,32.20,33.95,33.04,31.87,26.50,33.89,31.57,26.09,35.14,36.90,35.21,39.45,37.31,32.51,25.68,30.91,32.68,35.56,44.11,31.46,32.51,28.77,31.57,35.17,35.38,33.04,23.14,32.37,33.77,33.25,28.77,36.23,33.14,27.49,37.72,30.39,31.67,37.60,38.33,30.32,32.72,38.39,31.53,34.05,33.14,33.82,37.18,28.09,13.47,35.17,35.94,36.25,35.57,28.94,34.45,33.89,23.11,28.71,34.03,30.24,24.00,24.00,31.88,33.89,35.19,36.25,44.80,31.78,32.62,30.80,28.94,28.94,21.83,23.43,30.29,39.12,31.12,32.87,32.37,32.09,36.20,36.76,32.49,36.13,40.91,22.79,20.60,30.86,20.80,23.06,21.35,35.12,30.19,37.18,32.18,36.57,35.17,33.89,33.43,33.10,35.92,22.66,35.22,31.31,39.76,37.72,39.66,32.75,37.55,31.88,33.89,39.49,24.75,35.00,33.11,34.83,35.52,38.08,31.16,34.02,36.69,33.94,33.59,42.43,28.94,39.49,35.63,28.77,30.24,33.05,36.76,35.14
3.88,62,22.49,29.23,31.06,36.07,31.98,32.25,35.27,35.70,34.43,37.18,32.56,18.63,29.38,34.43,36.25,33.56,31.02,35.77,23.18,36.14,31.40,31.61,37.35,35.73,26.54,33.75,32.04,40.30,29.24,33.75,34.06,34.00,34.74,37.29,25.72,37.77,36.83,36.55,23.43,34.13,37.11,15.75,36.12,31.83,37.47,34.43,36.47,34.47,31.83,30.76,22.53,35.73,23.64,33.88,34.43,33.99,37.71,32.13,32.71,33.78,40.33,21.28,35.98,28.08,37.15,26.78,33.99,32.34,23.00,34.16,21.76,32.25,35.06,34.43,33.78,41.63,32.34,38.54,36.14,33.20,36.14,24.14,33.12,34.43,35.73,34.43,24.65,34.43,32.32,34.43,32.61,29.72,26.16,22.16,21.76,32.71,34.49,33.56,32.37,26.85,34.43,32.07,26.49,35.70,37.49,35.77,40.08,37.90,33.02,26.08,31.40,33.20,36.12,44.82,31.96,33.02,29.23,32.07,35.73,35.94,33.56,23.48,32.88,34.30,33.78,29.23,36.81,33.66,27.91,38.32,30.87,32.17,38.20,38.94,30.80,33.24,39.00,32.03,34.59,33.66,34.36,37.77,28.53,13.66,35.73,36.51,36.83,36.14,29.40,35.00,34.43,23.46,29.10,34.57,30.72,24.33,24.33,32.38,34.43,35.75,36.83,45.51,32.28,33.14,31.29,29.40,29.40,22.16,23.79,30.77,39.75,31.61,33.39,32.88,32.60,36.78,37.35,33.01,36.71,41.56,23.14,20.91,31.34,21.12,23.41,21.68,35.68,30.67,37.77,32.69,37.15,35.73,34.43,33.96,33.62,36.49,23.00,35.78,31.65,40.39,38.32,40.30,33.26,38.14,32.38,34.43,40.12,25.09,35.55,33.63,35.38,36.08,38.69,31.66,34.56,37.27,34.48,34.12,43.11,29.40,40.12,36.19,29.23,30.72,33.58,37.35,35.70
3.94,63,22.84,29.69,31.56,36.64,32.49,32.77,35.83,36.27,34.98,37.77,33.07,18.87,29.84,34.98,36.83,34.10,31.51,36.34,23.53,36.71,31.90,32.12,37.94,36.29,26.95,34.29,32.55,40.95,29.70,34.29,34.60,34.55,35.30,37.88,26.11,38.38,37.42,37.13,23.79,34.67,37.70,15.99,36.70,32.33,38.07,34.98,37.05,35.00,32.33,31.25,22.88,36.29,23.97,34.42,34.98,34.53,38.31,32.64,33.23,34.31,40.98,21.61,36.55,28.52,37.74,27.20,34.53,32.86,23.35,34.70,22.09,32.77,35.62,34.98,34.31,42.29,32.86,39.16,36.71,33.73,36.71,24.51,33.64,34.98,36.29,34.98,24.96,34.98,32.83,34.98,33.13,30.07,26.52,22.49,22.09,33.23,35.03,34.10,32.88,27.22,34.98,32.58,26.90,36.27,38.09,36.34,40.72,38.51,33.55,26.49,31.90,33.73,36.70,45.53,32.46,33.55,29.69,32.58,36.29,36.51,34.10,23.84,33.40,34.85,34.31,29.69,37.39,34.20,28.34,38.93,31.36,32.68,38.81,39.56,31.29,33.77,39.63,32.54,35.14,34.20,34.91,38.38,28.98,13.87,36.29,37.09,37.41,36.71,29.87,35.56,34.98,23.82,29.50,35.12,31.21,24.67,24.67,32.90,34.98,36.31,37.41,46.24,32.80,33.66,31.78,29.87,29.87,22.49,24.15,31.26,40.38,32.12,33.92,33.40,33.11,37.36,37.94,33.53,37.29,42.22,23.49,21.23,31.84,21.44,23.77,22.01,36.25,31.16,38.38,33.21,37.74,36.29,34.98,34.50,34.16,37.07,23.35,36.35,32.01,41.04,38.93,40.94,33.79,38.75,32.90,34.98,40.76,25.44,36.12,34.17,35.95,36.66,39.30,32.16,35.11,37.87,35.03,34.66,43.80,29.87,40.76,36.77,29.69,31.21,34.11,37.94,36.27
4.00,64,23.18,30.15,32.04,37.20,32.99,33.27,36.38,36.82,35.51,38.35,33.58,19.10,30.30,35.51,37.40,34.62,31.99,36.90,23.88,37.28,32.39,32.61,38.53,36.85,27.35,34.81,33.05,41.58,30.16,34.81,35.13,35.08,35.84,38.47,26.50,38.97,38.00,37.71,24.14,35.20,38.28,16.22,37.26,32.83,38.65,35.51,37.62,35.53,32.83,31.73,23.21,36.85,24.30,34.94,35.51,35.06,38.90,33.14,33.74,34.84,41.61,21.93,37.12,28.96,38.33,27.62,35.06,33.36,23.70,35.24,22.41,33.27,36.16,35.51,34.84,42.94,33.36,39.76,37.28,34.24,37.28,24.87,34.16,35.51,36.85,35.51,25.27,35.51,33.33,35.51,33.64,30.40,26.87,22.82,22.41,33.74,35.57,34.62,33.38,27.58,35.51,33.08,27.30,36.82,38.67,36.90,41.35,39.10,34.06,26.90,32.39,34.24,37.26,46.24,32.96,34.06,30.15,33.08,36.85,37.07,34.62,24.19,33.92,35.38,34.84,30.15,37.97,34.72,28.76,39.53,31.85,33.18,39.41,40.17,31.77,34.29,40.24,33.04,35.68,34.72,35.44,38.97,29.42,14.07,36.85,37.66,37.99,37.28,30.32,36.10,35.51,24.17,29.89,35.66,31.68,24.99,24.99,33.40,35.51,36.87,37.99,46.96,33.30,34.18,32.27,30.32,30.32,22.82,24.51,31.74,41.00,32.61,34.44,33.92,33.62,37.94,38.53,34.05,37.87,42.87,23.84,21.54,32.33,21.76,24.12,22.33,36.81,31.64,38.97,33.72,38.32,36.85,35.51,35.03,34.68,37.65,23.70,36.91,32.90,41.67,39.53,41.57,34.31,39.35,33.40,35.51,41.39,25.78,36.68,34.69,36.50,37.22,39.91,32.65,35.65,38.45,35.57,35.19,44.47,30.32,41.39,37.34,30.15,31.68,34.64,38.53,36.82
4.06,65,23.52,30.60,32.52,37.77,33.49,33.77,36.93,37.38,36.05,38.93,34.09,19.33,30.75,36.05,37.96,35.14,32.48,37.46,24.22,37.84,32.88,33.10,39.11,37.41,27.75,35.34,33.55,42.21,30.61,35.34,35.67,35.61,36.38,39.05,26.89,39.56,38.57,38.28,24.49,35.74,38.86,16.46,37.83,33.33,39.24,36.05,38.19,36.06,33.33,32.21,23.54,37.41,24.62,35.47,36.05,35.59,39.49,33.64,34.25,35.37,42.24,22.25,37.68,29.39,38.91,28.03,35.59,33.87,24.04,35.77,22.74,33.77,36.71,36.05,35.37,43.60,33.87,40.36,37.84,34.76,37.84,25.23,34.68,36.05,37.41,36.05,25.57,36.05,33.84,36.05,34.14,30.74,27.22,23.15,22.74,34.25,36.11,35.14,33.88,27.94,36.05,33.58,27.69,37.38,39.26,37.46,41.98,39.69,34.58,27.30,32.88,34.76,37.83,46.94,33.46,34.58,30.60,33.58,37.41,37.63,35.14,24.54,34.43,35.92,35.37,30.60,38.55,35.25,29.18,40.13,32.33,33.68,40.01,40.78,32.25,34.81,40.85,33.54,36.22,35.25,35.98,39.56,29.87,14.27,37.41,38.23,38.57,37.84,30.78,36.65,36.05,24.52,30.27,36.20,32.16,25.32,25.32,33.91,36.05,37.43,38.57,47.67,33.80,34.70,32.76,30.78,30.78,23.15,24.86,32.22,41.63,33.10,34.96,34.43,34.13,38.52,39.11,34.56,38.44,43.53,24.18,21.85,32.82,22.07,24.47,22.66,37.37,32.11,39.56,34.23,38.90,37.41,36.05,35.56,35.21,38.22,24.04,37.47,33.25,42.30,40.13,42.20,34.83,39.95,33.91,36.05,42.02,26.12,37.23,35.22,37.05,37.78,40.51,33.15,36.19,39.03,36.10,35.73,45.15,30.78,42.02,37.90,30.60,32.16,35.16,39.11,37.38
4.13,66,23.87,31.06,33.02,38.34,33.99,34.29,37.50,37.95,36.60,39.52,34.61,19.57,31.21,36.60,38.54,35.68,32.97,38.03,24.58,38.42,33.38,33.60,39.71,37.98,28.16,35.88,34.06,42.85,31.08,35.88,36.21,36.15,36.94,39.65,27.28,40.16,39.16,38.86,24.85,36.28,39.45,16.70,38.40,33.83,39.84,36.60,38.77,36.60,33.83,32.70,23.89,37.98,24.95,36.01,36.60,36.13,40.09,34.15,34.77,35.91,42.89,22.58,38.25,29.83,39.50,28.45,36.13,34.38,24.39,36.31,23.07,34.29,37.27,36.60,35.91,44.26,34.38,40.98,38.42,35.29,38.42,25.60,35.20,36.60,37.98,36.60,25.89,36.60,34.35,36.60,34.66,31.09,27.58,23.49,23.07,34.77,36.66,35.68,34.39,28.31,36.60,34.09,28.10,37.95,39.86,38.03,42.61,40.30,35.10,27.71,33.38,35.29,38.40,47.66,33.97,35.10,31.06,34.09,37.98,38.21,35.68,24.90,34.95,36.47,35.91,31.06,39.13,35.78,29.62,40.74,32.82,34.19,40.62,41.40,32.74,35.34,41.47,34.05,36.78,35.78,36.53,40.16,30.32,14.47,37.98,38.81,39.15,38.42,31.25,37.21,36.60,24.88,30.67,36.75,32.65,25.66,25.66,34.42,36.60,38.00,39.15,48.40,34.32,35.22,33.25,31.25,31.25,23.49,25.23,32.71,42.26,33.60,35.49,34.95,34.65,39.10,39.71,35.09,39.02,44.19,24.53,22.17,33.32,22.40,24.83,22.99,37.93,32.60,40.16,34.75,39.50,37.98,36.60,36.10,35.74,38.80,24.39,38.03,33.60,42.95,40.74,42.85,35.36,40.56,34.42,36.60,42.66,26.48,37.80,35.75,37.62,38.36,41.13,33.65,36.74,39.63,36.65,36.27,45.84,31.25,42.66,38.48,31.06,32.65,35.69,39.71,37.95
4.19,67,24.21,31.52,33.50,38.91,34.49,34.79,38.05,38.51,37.14,40.11,35.11,19.80,31.67,37.14,39.11,36.20,33.45,38.58,24.92,38.98,33.87,34.10,40.29,38.54,28.56,36.40,34.56,43.49,31.53,36.40,36.74,36.68,37.48,40.23,27.67,40.75,39.74,39.43,25.20,36.81,40.04,16.93,38.97,34.33,40.42,37.14,39.34,37.13,34.33,33.17,24.22,38.54,25.28,36.54,37.14,36.66,40.68,34.65,35.28,36.43,43.52,22.89,38.82,30.26,40.08,28.87,36.66,34.89,24.73,36.85,23.39,34.79,37.82,37.14,36.43,44.92,34.89,41.58,38.98,35.81,38.98,25.96,35.72,37.14,38.54,37.14,26.19,37.14,34.85,37.14,35.17,31.42,27.93,23.82,23.39,35.28,37.20,36.20,34.90,28.67,37.14,34.59,28.50,38.51,40.45,38.58,43.24,40.89,35.62,28.12,33.87,35.81,38.97,48.36,34.47,35.62,31.52,34.59,38.54,38.77,36.20,25.25,35.46,37.00,36.43,31.52,39.71,36.31,30.04,41.34,33.30,34.70,41.21,42.01,33.22,35.85,42.08,34.55,37.32,36.31,37.06,40.75,30.76,14.67,38.54,39.39,39.73,38.98,31.70,37.75,37.14,25.23,31.06,37.29,33.13,25.99,25.99,34.93,37.14,38.56,39.73,49.12,34.82,35.74,33.74,31.70,31.70,23.82,25.58,33.18,42.89,34.10,36.01,35.46,35.16,39.68,40.29,35.60,39.60,44.84,24.88,22.49,33.80,22.71,25.18,23.32,38.49,33.08,40.75,35.26,40.08,38.54,37.14,36.63,36.27,39.37,24.73,38.59,33.95,43.58,41.34,43.48,35.88,41.15,34.93,37.14,43.29,26.82,38.35,36.28,38.17,38.92,41.74,34.14,37.28,40.21,37.19,36.80,46.52,31.70,43.29,39.05,31.52,33.13,36.22,40.29,38.51
4.25,68,24.56,31.98,33.99,39.48,35.00,35.30,38.61,39.08,37.69,40.70,35.63,20.04,32.13,37.69,39.69,36.74,33.94,39.15,25.28,39.56,34.36,34.60,40.89,39.11,28.97,36.94,35.06,44.13,32.00,36.94,37.28,37.22,38.04,40.82,28.07,41.35,40.32,40.01,25.56,37.35,40.63,17.17,39.55,34.83,41.02,37.69,39.92,37.66,34.83,33.66,24.57,39.11,25.61,37.08,37.69,37.20,41.28,35.16,35.80,36.97,44.16,23.22,39.39,30.71,40.67,29.29,37.20,35.40,25.09,37.39,23.72,35.30,38.37,37.69,36.97,45.58,35.40,42.20,39.56,36.34,39.56,26.33,36.25,37.69,39.11,37.69,26.50,37.69,35.37,37.69,35.69,31.77,28.29,24.16,23.72,35.80,37.75,36.74,35.41,29.04,37.69,35.10,28.91,39.08,41.04,39.15,43.88,41.49,36.14,28.53,34.37,36.34,39.55,49.08,34.97,36.14,31.98,35.10,39.11,39.34,36.74,25.61,35.99,37.55,36.97,31.98,40.29,36.85,30.47,41.95,33.79,35.21,41.82,42.63,33.71,36.38,42.70,35.06,37.87,36.85,37.61,41.35,31.21,14.88,39.11,39.97,40.31,39.56,32.17,38.31,37.69,25.59,31.46,37.84,33.62,26.32,26.32,35.44,37.69,39.13,40.31,49.84,35.33,36.27,34.24,32.17,32.17,24.16,25.95,33.67,43.52,34.60,36.54,35.99,35.68,40.26,40.89,36.13,40.18,45.51,25.23,22.81,34.30,23.04,25.53,23.65,39.06,33.56,41.35,35.78,40.67,39.11,37.69,37.17,36.80,39.95,25.09,39.16,34.85,44.23,41.95,44.12,36.41,41.76,35.44,37.69,43.93,27.17,38.92,36.81,38.73,39.50,42.35,34.65,37.83,40.81,37.74,37.35,47.21,32.17,43.93,39.62,31.98,33.62,36.75,40.89,39.08
4.31,69,24.90,32.44,34.48,40.05,35.50,35.80,39.16,39.64,38.23,41.28,36.14,20.27,32.58,38.23,40.25,37.26,34.43,39.71,25.62,40.12,34.85,35.09,41.47,39.67,29.37,37.47,35.56,44.76,32.45,37.47,37.81,37.75,38.58,41.41,28.45,41.95,40.90,40.59,25.91,37.89,41.21,17.41,40.11,35.33,41.61,38.23,40.49,38.19,35.33,34.14,24.90,39.67,25.93,37.61,38.23,37.74,41.87,35.66,36.31,37.50,44.80,23.54,39.95,31.14,41.26,29.71,37.74,35.90,25.43,37.92,24.05,35.80,38.92,38.23,37.50,46.23,35.90,42.80,40.12,36.85,40.12,26.69,36.76,38.23,39.67,38.23,26.81,38.23,35.87,38.23,36.20,32.11,28.64,24.49,24.05,36.31,38.29,37.26,35.91,29.39,38.23,35.60,29.31,39.64,41.63,39.71,44.51,42.09,36.66,28.93,34.85,36.85,40.11,49.78,35.47,36.66,32.44,35.60,39.67,39.90,37.26,25.96,36.50,38.08,37.50,32.44,40.87,37.37,30.89,42.55,34.27,35.71,42.42,43.25,34.19,36.90,43.32,35.56,38.41,37.37,38.15,41.95,31.66,15.08,39.67,40.54,40.89,40.12,32.63,38.86,38.23,25.94,31.85,38.38,34.09,26.65,26.65,35.95,38.23,39.69,40.89,50.56,35.84,36.79,34.73,32.63,32.63,24.49,26.30,34.15,44.14,35.09,37.07,36.50,36.18,40.84,41.47,36.64,40.76,46.16,25.58,23.12,34.79,23.35,25.88,23.97,39.62,34.04,41.95,36.29,41.25,39.67,38.23,37.70,37.33,40.52,25.43,39.72,35.19,44.86,42.55,44.75,36.93,42.36,35.95,38.23,44.56,27.51,39.48,37.34,39.29,40.06,42.96,35.14,38.37,41.39,38.28,37.88,47.88,32.63,44.56,40.19,32.44,34.09,37.28,41.47,39.64
4.40,70.4,25.45,33.14,35.22,40.90,36.26,36.57,40.00,40.48,39.05,42.16,36.92,20.72,33.29,39.05,41.11,38.06,35.17,40.56,26.18,40.98,35.60,35.85,42.36,40.51,30.01,38.27,36.33,45.71,33.15,38.27,38.62,38.56,39.41,42.29,29.07,42.84,41.77,41.45,26.47,38.70,42.09,17.79,40.97,36.09,42.49,39.05,41.36,39.01,36.09,34.88,25.45,40.51,26.50,38.42,39.05,38.54,42.76,36.43,37.09,38.30,45.75,24.06,40.80,31.81,42.14,30.35,38.54,36.67,25.99,38.74,24.58,36.57,39.76,39.05,38.30,47.22,36.67,43.71,40.98,37.64,40.98,27.28,37.55,39.05,40.51,39.05,27.40,39.05,36.64,39.05,36.98,32.80,29.26,25.03,24.58,37.09,39.11,38.06,36.68,30.03,39.05,36.36,29.95,40.48,42.52,40.56,45.46,42.99,37.45,29.56,35.60,37.64,40.97,50.84,36.23,37.45,33.14,36.36,40.51,40.76,38.06,26.53,37.28,38.90,38.30,33.14,41.74,38.17,31.56,43.46,35.01,36.48,43.32,44.17,34.92,37.69,44.24,36.32,39.23,38.17,38.96,42.84,22.13,15.42,40.51,41.40,41.76,40.98,33.33,39.69,39.05,26.51,32.54,39.21,34.83,27.24,27.24,36.72,39.05,40.54,41.76,51.63,36.61,37.57,35.47,33.33,33.33,25.03,26.88,34.89,45.08,35.85,37.86,37.28,36.96,41.71,42.36,37.43,41.63,47.14,26.14,23.63,35.54,23.87,26.45,24.50,40.47,34.77,42.84,37.07,42.13,40.51,39.05,38.51,38.13,41.39,25.99,40.57,35.95,45.81,43.46,45.70,37.72,43.26,36.72,39.05,45.51,28.11,40.32,38.14,40.13,40.92,43.88,35.89,39.19,42.27,39.10,38.69,48.90,33.33,45.51,41.05,33.14,34.83,38.08,42.36,40.48
